0.0,633.9438302035882,0.0005187270918527025,0.9781730013627385,0.2671811506273145,0.0015755763758752068,1.850443909212629e-09,0.29416743610816465,0.0008594943768528088,0.18670469710197143,0.03781236220406424,0.0032492877173758844,0.0008485367936518152,0.00041012435323700366,9.593818597591636e-05,0.02771911760055175,3.867430225583503e-05
1.0,615.009092420217,0.0004951574816922539,0.9086057392153932,0.2471975522356352,0.0016249152823227884,1.0769384828357431e-09,0.29416050629105756,0.0035988847814783387,0.18376034168532174,0.03637768306047818,0.005464382307415622,7.853567282913035e-06,0.00018554914724524401,0.0008898507326386644,0.02725456545124703,6.436114338335353e-06
2.0,608.2442806453123,0.0005144112639456731,0.99386660714084,0.27259842983040683,0.0016363118416389175,7.764447806923869e-09,0.2941661671903566,0.00024151816569402027,0.1875028714373689,0.03979265273262364,0.0004072315099409537,0.0005768253912478168,0.000100808189337389,0.0002067768753492005,0.02395605342834753,0.005020921590386843
3.0,605.6492167277275,0.00046905612114017165,0.8148378875797355,0.21899684710603154,0.0016465552434916718,4.565524736044324e-09,0.294152832101555,0.007291235825695372,0.17960528926311822,0.037719420644917186,0.0007308184405742044,0.004463125706436991,0.0001612811680625369,9.956039807218467e-05,0.026853167441926555,0.0005139538814015329
4.0,602.7964205411268,0.0005173162731609911,0.9908360558609894,0.27300854931733387,0.0016551465602658983,3.7883071679623015e-09,0.2941670213064162,0.0003608539400294331,0.1875632978685421,0.031198534723581785,0.009836051512956696,0.0008276685420290773,0.00013631439526516853,0.00011398671396727566,0.025508823548279495,0.0017085555995513802
5.0,595.2539102813885,0.0005010734055322991,0.9846870230789675,0.27234948861147773,0.001673528983103173,6.426381704560669e-09,0.2941622456609475,0.0006029879680313014,0.18746619278660667,0.03270974988540416,0.0008818399987491489,0.004394254124466756,0.00024814195232894135,0.004087963906865353,0.02541061175646661,0.0017499110473838738
6.0,594.5816155492727,0.0005080506448540562,0.9761899352357004,0.26778459135736127,0.0016806183848928208,1.2365091173194287e-09,0.2941642970734267,0.0009375827211754556,0.18679360721452054,0.03959608889610155,0.0007234834322519966,5.921814115739673e-06,6.196468190850342e-05,0.0003012597412341816,0.020294085483414555,0.008892201002369959
7.0,593.9223448260825,0.0005011043453989339,0.9766286106207908,0.26907351484846953,0.0016824990778234305,1.2227230339334483e-09,0.29416225475773,0.0009203087462687506,0.18698351539763694,0.03580037358245859,0.004641754534528453,0.0003501164790130172,0.0005426588022154258,0.00021356768155866217,0.02243493711060791,0.005682300103780968
8.0,593.4316478854133,0.0004930590079349256,0.9779587600885753,0.27141693568054986,0.0016828115081379963,2.3025291118194957e-09,0.2941598893084582,0.0008679306796855205,0.1873287917430272,0.026710878607229684,0.010155177603050656,0.005325854478508982,0.00016378186408146406,6.792785704193863e-05,0.025870502796498603,0.0010005995112652246
9.0,588.812274770665,0.0004929108426837002,0.972153708743786,0.2693780417170003,0.0016927661537133173,5.568006167244732e-09,0.29415984574566334,0.0010965195512526182,0.1870283839602101,0.0306150996728261,0.0018975532461055365,0.005040841451818241,4.9393372517435904e-05,0.005000037514725367,0.026018265459629437,0.0008244802784590615
10.0,586.1620530004086,0.0004963579049511923,0.9895363848692241,0.27488657912734926,0.0017028237132633059,3.1891459473243344e-09,0.2941608592334091,0.0004120318379963083,0.18784000415213367,0.027895323143200385,0.0008478383947952271,0.011788222868064396,0.00019795168243631533,0.001254120464564652,0.024485440169746863,0.0026616452512142497
11.0,585.4672816439646,0.00042077205798887507,0.7202277325881672,0.192132583795003,0.0016931233518851512,1.491402501496708e-08,0.29413863586646466,0.011016754737379699,0.17564714630789025,0.039876818210386356,0.0015060735427637852,0.00149065887239367,0.00019164545092751413,0.0004239540224607345,0.025713815929962358,0.0019705084729008337
12.0,580.5817333559977,0.0004774177985153556,0.9492807444861584,0.26405551931518484,0.0017100835910101439,1.2326782150573479e-08,0.2941552905594813,0.001997201522608284,0.1862441709592848,0.023351613178469226,0.006256461048975884,0.01238726080185018,9.508457637843614e-06,0.0006707458916772035,0.026364914725049593,0.00021322784651869322
13.0,579.110048786691,0.0004952672920695203,0.9880411078418034,0.27442124921503414,0.001723767854147916,3.0196573019836137e-09,0.29416053857694713,0.0004709122282076926,0.18777144309416002,0.032951836553754325,0.0004775668252420913,0.002546116615284802,0.0008799960218540026,0.005562822935255579,0.02398426537138829,0.0027051668211420213
14.0,578.6864787150769,0.0004273259109754645,0.7510239670723109,0.2023729534734846,0.0017268149386661276,1.2364964052657967e-09,0.29414056279704326,0.009804073561774741,0.1771559480432117,0.037558916609384256,0.0013785598484750907,0.0011304846638151324,0.0001675032762598345,0.003375366323437085,0.02548154588225352,0.001603472814111671
15.0,577.9609540684338,0.0004731958509201906,0.950270772128186,0.26499223076213235,0.001729262697586444,9.57991130867697e-10,0.2941540492438859,0.0019582166303016165,0.18638218471279408,0.0233013749644033,0.016069129006232516,0.0028990282719503374,0.0005364513656872785,0.00014606679655178304,0.026073509528300287,4.096251133672217e-05
16.0,575.6250456754138,0.00046960583224083273,0.95849766285941,0.2678240156007169,0.001735372486720787,1.869503551965579e-09,0.29415299372482173,0.0016342615854518627,0.18679941592735574,0.02364580898714264,0.006883447983694661,0.009819778171239104,0.00017819630483877443,0.002150975259571774,0.026516714519132425,9.553048800151932e-05
17.0,571.9702101453346,0.0004876562615135749,0.9928854370850018,0.27806148858342467,0.001747804379927498,5.384223067395055e-10,0.2941583008203873,0.00028015426769521486,0.1883077908675763,0.020049785416800855,0.0015633295426977754,0.019375476288629134,0.001127304041451175,0.0008696326414828059,0.02539794345877987,0.0002469959864002865
18.0,571.6411538361813,0.00045264351833177027,0.8297251157179875,0.22639991566725592,0.0017362777612812254,1.3071447202417374e-08,0.2941480065514106,0.006705012814259024,0.18069604702309933,0.03384179644689783,0.0019312244075530157,0.005103493709755633,0.00031241227795445424,0.0015592654604511323,0.024444519322590112,0.0027817557858786945
19.0,571.4966934490487,0.00047588487604760196,0.9501779476664219,0.2646289724594544,0.0017477536749145885,2.037726265502471e-09,0.2941548398574006,0.0019618718329360452,0.18632866274291812,0.024367431753864594,0.003983894543505756,0.01292496644369232,0.0007293699834203031,0.0005497960256939416,0.02414654382040444,0.0023634944129852023
20.0,570.9261160985121,0.0004819142552200293,0.9967574822586551,0.27968199637765556,0.0017495825603960243,1.957563278143226e-09,0.2941566125848513,0.00012768250055111954,0.18854655421780722,0.0192349084659626,0.0036120254142664497,0.01820636238249857,0.0001443902309647582,0.0012828612651470603,0.025195101101873882,0.0011665558480440815
21.0,566.3044564696805,0.0004795612011658934,0.9934908761602984,0.2792439801859689,0.0017609488918758805,4.885702176160578e-09,0.2941559207518457,0.0002563135422985467,0.18848201752520086,0.01842307232069921,0.012603035897375452,0.010863518527383367,0.00016710341498084086,0.00028047945524213054,0.024740587933098104,0.0015095228268010158
22.0,561.5564603888425,0.0004898012674585183,0.9953130163987263,0.27731298157074125,0.0017796442848648556,1.1205545380477133e-09,0.2941589314841442,0.00018456206996866377,0.18819750689198797,0.03178806584031306,0.0005825225575154973,0.00571768782249028,0.0028686935599356567,0.0017657857428689757,0.021082554859025084,0.005235630980259044
23.0,561.4743918869805,0.0004734621522049622,0.9953768325265886,0.28009787661179025,0.0017799366037407965,1.088523049475043e-09,0.2941541275404375,0.0001820491453122884,0.18860782942941084,0.020526157572725745,0.012180784710113697,0.008427674318844018,0.00033148386268938714,0.0005708560326690696,0.02311212418660868,0.0035106286519039362
24.0,559.0174215409011,0.0004629757245470311,0.9389748070187257,0.26250444209148277,0.0017882312422699109,6.217727999136002e-10,0.2941510443742213,0.0024030243958609405,0.18601563741213592,0.022254030459672034,0.003189294489623169,0.015449200817194371,2.6903976879861552e-05,0.0011011576799372488,0.02261781992985499,0.004383380259033327
25.0,557.0023567729629,0.0004467885424579499,0.9359253499674737,0.26337707644369757,0.001789533372540063,5.791167545510234e-09,0.2941462851011322,0.0025231046337151216,0.18614421013619387,0.017839220213097435,0.0007558606179226921,0.021864073837061654,0.0003015539701956677,0.0021573392981890944,0.025234089840732467,0.0007627048772566971
26.0,555.3458613760096,0.00047769578233837473,0.9700719681544825,0.2713890721779245,0.001799368080063325,1.3115856178913532e-09,0.2941553722908735,0.0011784934570702563,0.18732468637355,0.026030302503499504,0.000817775324408075,0.007322436185470534,0.00018155514360427346,0.00858462571073956,0.024179278137606456,0.0017216643670885682
27.0,553.9812764077719,0.00039511277401304954,0.6735023681670794,0.18102982866850223,0.0018027177881988475,2.3973710794322756e-09,0.2941310916540725,0.012856686495462311,0.17401128190770998,0.03617595256037817,0.0008807827523379471,0.0001863018071796765,0.0001396806342498647,0.00702572585838786,0.02505858926067275,0.0009940480276331971
28.0,553.7810611175597,0.0004628317054401985,0.991321665067379,0.2803712062104976,0.0018039513053359575,1.8164794668429352e-09,0.29415100203045474,0.00034173182483732383,0.188648101429914,0.020469105644010936,0.010615040587762248,0.00350196131751759,3.4791448884866526e-05,0.00851228573774092,0.025303929473509096,1.7810345828080508e-05
29.0,551.484942271483,0.00046904101199733564,0.9223844919080224,0.2554596922860838,0.001812900308013836,3.858279251645058e-10,0.29415282765924156,0.0030563108501663523,0.18497767383611124,0.033552347842370024,0.0040437166643621635,0.0015933302589385143,1.0204105273341662e-05,0.0013668189255960363,0.01718782492269949,0.011571260614228054
30.0,548.7235984890051,0.00040589631805683385,0.7583044836785094,0.20867486137006752,0.001815989221045259,6.421921383559237e-09,0.2941342621769399,0.00951738443938992,0.1780844623321226,0.02473715733305185,0.010253791318878797,0.007608775102540814,0.0006841779722213154,0.0009016515680612301,0.025279974319884022,0.00024699585220136575
31.0,548.6762507498457,0.0003992695811981713,0.7486190277947414,0.20652622512840843,0.0018194197877207097,3.1486187546114763e-09,0.2941323138174153,0.009898774249674851,0.1777678852756515,0.02209086568115475,0.0133186798716202,0.008232167984565733,0.00013086555744566968,7.440129734883727e-05,0.02578911716297544,0.0001072871743252354
32.0,548.596945692613,0.0004666728298669241,0.9601583043936314,0.2687771200237651,0.0018227643719616632,6.750461301052724e-11,0.2941521313783558,0.0015688695412064925,0.186939844999019,0.02452671654326233,0.0037263398852898626,0.012418711079714496,0.00012441479404145498,0.00047092584974568925,0.01899087923099221,0.008564498964875312
33.0,548.3222292982888,0.0003577529677868545,0.5749911338120444,0.15229957071551004,0.0018198119181690284,3.933220305007978e-09,0.29412010731353644,0.016735820470412013,0.16977820591370593,0.03223112443312922,0.008644846115147943,0.0034573141099225936,9.421980804795696e-05,0.0001694282830751373,0.025003051982994243,0.001320231603193645
34.0,547.7172848935812,0.00046652517683848436,0.982486757988825,0.27771065672371426,0.0018170467763518152,8.71265753987771e-09,0.29415208796616205,0.0006896290818184506,0.18825609979241428,0.015399803348462821,0.002153743622769383,0.020620455768690628,0.00048291639718714673,0.004379647786865282,0.024668661618016945,0.0004757641438409221
35.0,546.7043969871671,0.00042805579739975874,0.7395498014153699,0.1988120615920841,0.0018143647380842174,1.4777309265134875e-08,0.2941407773945438,0.010255898433582024,0.17663129121746848,0.038942893442653725,0.0005521922208420174,0.0016859391797548104,0.00011211978718284375,0.0008181947768399351,0.018918467891093457,0.009397277833200234
36.0,546.5730721405955,0.0004691217605155714,0.9968162612072914,0.2819567085830441,0.0018276958335474236,1.8857008732275915e-09,0.2941528514005109,0.00012536792782081782,0.18888170713030988,0.018066431117221393,0.02113777083176458,0.0005130174066434049,0.0012893004619466627,0.0018919199246825984,0.023326510594228637,0.001967590977652455
37.0,545.9293041688913,0.00043854437019122047,0.8798782000960342,0.24500574910450937,0.0018248057443779864,6.933259855124163e-09,0.2941438611914613,0.004730105740632891,0.18343740447977586,0.023951329395795275,0.01647667443174682,0.0015458493666877576,0.0011422491421791761,0.0006751488527863886,0.02566678333848229,0.0002055127631965184
38.0,545.801637287923,0.0004487185586614473,0.9790980034739093,0.2774674217375866,0.0018311194326702097,1.0480283307856553e-09,0.2941468525546969,0.0008230700325652261,0.18822026189000618,0.02068787480013361,0.0017981340780861123,0.010374192393627534,0.00011171963457722386,0.010362105061779377,0.025294605662524648,3.251261613988223e-05
39.0,545.7093342062042,0.00045270928709652963,0.8980356431974867,0.2503502355025587,0.0018321756683046123,3.016915606224302e-10,0.2941480258884089,0.004015109579086368,0.18422485362516397,0.023378968167193155,4.939277646548061e-05,0.017098638344158708,0.0013194211145230066,0.0008893043859888103,0.02142270331595599,0.00476025063078133
40.0,545.1038573834749,0.0004521373228253105,0.9559721338415977,0.26997967616532087,0.001832702410813931,1.81038239954745e-09,0.29414785772237795,0.0017337108054505598,0.18711702793773785,0.017378268248739025,0.02011956397277317,0.003894120139023976,0.00043756715866508577,0.000630328274616438,0.022904632389420854,0.003209991584911644
41.0,544.4979308149625,0.00045414928222723447,0.9428329685248271,0.2641930033239886,0.0018365256411311947,2.8629154602555218e-11,0.2941484492684658,0.002251099333941377,0.18626442766071014,0.025828916286433953,0.012273597520708187,0.002310206655926525,9.74661167031199e-05,0.0008308538416686283,0.018947789586347855,0.008685897618462356
42.0,544.2882813382042,0.0004568753434844559,0.9997319894469693,0.28445524874782435,0.0018365864608410323,6.752151615607715e-10,0.29414925077115534,1.0553606892788959e-05,0.18924983854106475,0.011137336531552433,0.0019272929597858326,0.026435018541871382,3.734394275847487e-06,0.0028842983268065653,0.023645639390254606,0.0021003683185082055
43.0,543.1773450558777,0.00042805948929283477,0.9290227879244193,0.26299080328249347,0.0018385909553189136,2.428389656028429e-09,0.29414077848001546,0.002794910820194419,0.1860872971892758,0.015047758830337842,0.015563515153267446,0.011988421438836898,0.0002106559555314173,6.657336892682481e-05,0.024570779078736258,0.0015467333532210973
44.0,542.1503307671768,0.0004668632263746839,0.9902749566908919,0.28070909169984176,0.0018399133198816235,4.593532276775392e-09,0.29415218735777027,0.0003829486672784776,0.18869788500498685,0.00959681671971426,0.0013243410252104784,0.030961135648266226,0.0012790716580051782,0.00012971903526089374,0.02442083737956008,0.00023620492170287825
45.0,540.6985271142613,0.0004006941292586673,0.7667352878652202,0.20979124998971388,0.0018424390553413005,7.020393599788122e-09,0.29413273265580303,0.009185399776209769,0.17824894946876915,0.034256609492523085,0.0007272640608418338,0.007135602882273284,6.410974992772565e-05,5.553978290651513e-05,0.020457844011367667,0.008018063812653348
46.0,540.2885654834224,0.00036267618486319315,0.6408200443778563,0.17385490692375657,0.0018506571886747751,2.0559814961629286e-10,0.2941215548128241,0.014143637302861283,0.17295413898033932,0.028524193464596125,0.008355905019548089,0.006575960720435272,5.432299507427398e-05,0.0002886603783975913,0.023285232259949152,0.0033165530937060623
47.0,539.7726439177583,0.00043300163818102064,0.8198012129187366,0.22553872761375135,0.0018518343143498301,7.975506921553688e-10,0.2941422315455383,0.007095792086945144,0.18056916078067234,0.03303530041501771,0.005863344081865659,0.0017494874650879678,0.0012543951050506214,0.00023065446210023495,0.01783118599482839,0.009572396502605596
48.0,538.3330105612724,0.00044488867122381107,0.9430907900613053,0.26703614366701406,0.0018566340164057075,9.52236678397611e-10,0.29414572651063836,0.002240946945859206,0.1866833319794022,0.014047614928177287,0.01377503707853473,0.012683852959391713,0.001213158636181677,0.0017489103820776477,0.024219112492268633,0.0006896510684672103
49.0,538.3078205281022,0.00033364956680091197,0.5427530023105136,0.14469939860235828,0.0018569093632635032,7.638152887956551e-10,0.2941130205539611,0.018005280060632775,0.16865840719226316,0.02787196730692425,0.009227351820429509,0.007630860266009725,1.4719943896006582e-05,5.805421857349441e-05,0.025365237170204516,0.0006623428960069181
50.0,538.1163757215502,0.00046176890861419104,0.9139073253557395,0.2548743928642716,0.001857739931363262,5.941486191929357e-10,0.2941506895523282,0.0033901211510885152,0.18489143663852564,0.021503646671360024,0.0025853278845234394,0.01687436571154863,5.423353159487429e-05,0.0010214060513275773,0.021167293211172417,0.005743394273066059
51.0,536.167513206491,0.000345740110405269,0.6143551873316099,0.16711496066533837,0.0018619786603641406,3.1100952369023105e-09,0.29411657535420316,0.015185759318511726,0.17196108473230337,0.025112231355694924,0.0045284405905712906,0.013294459501239243,3.854357918137692e-05,0.0015712600154505715,0.02498816438885983,0.0010074230207845166
52.0,535.7538620017863,0.0004491493651546972,0.9625768392770404,0.27344167825491505,0.0018651367661372386,1.392009341127931e-09,0.2941469792182347,0.0014736334912548584,0.18762711447996908,0.011027341988319976,0.0072660672386782406,0.02193283982799858,0.0010907888729521583,0.002015352632685327,0.023972175041959393,0.000683760968858167
53.0,534.6834779797556,0.0003975829613564646,0.7261137768757256,0.1979093509781351,0.001869176842751966,1.0885407575322859e-09,0.29413181792601306,0.010784976559759496,0.17649828709910337,0.03354831804322423,8.409082196513898e-06,0.008163302713936301,0.0002845042858378603,5.673791996133306e-06,0.017370109171429025,0.01071621971632172
54.0,533.9148262912306,0.00043602769347259756,0.8796341886236395,0.24626423549707382,0.0018718396830743637,1.1182322290359537e-09,0.29414312125095066,0.00473971432181697,0.18362282810339461,0.02184239149481362,0.003263905572532935,0.014735112384500147,0.0004395511154585641,0.0019146948430734472,0.019970593918236412,0.006688224582234725
55.0,532.4657564459028,0.00034185366208312187,0.6470798830914136,0.17808056658919785,0.0018723080412831833,5.747003373191006e-09,0.2941154326804005,0.013897140005467259,0.17357674176092966,0.02332013152600617,0.0038440868207087024,0.015986312286120134,0.00011025955174419108,0.000940542471141452,0.024941459074242032,0.0013425543065849167
56.0,530.4065194927434,0.0002854049198111972,0.38274047825023033,0.09574521951184713,0.0018847507708814174,5.955875237440011e-10,0.29409883590781044,0.024306185968101756,0.16144556696460918,0.03750004217163376,0.0018192252182400305,0.004413140591597228,4.490675722321993e-05,0.0014131450165049732,0.023575036874256328,0.003193637451677558
57.0,530.2124009673332,0.0003767069465416725,0.748401354869814,0.2090697794582973,0.0018856933574497182,3.4325386977229755e-10,0.29412568006613304,0.009907345682608782,0.17814264901048862,0.01811128108399381,0.01582359900316518,0.008997115839164616,0.0011610120275421956,0.0005016347247954601,0.02488222528017314,1.5349029183843227e-05
58.0,529.770368221319,0.0004558916527715596,0.9732494662281019,0.2760797172715281,0.001886435067008331,1.1752260276054471e-09,0.2941489615514065,0.0010533712736623044,0.18801579945630106,0.01503000300405267,0.0032432209981020144,0.01849591695050474,0.0001883020577047396,0.005648715775356186,0.021791644420105998,0.0034838643355631035
59.0,528.8518306832691,0.00037215156270453047,0.629408176442281,0.16869947251131176,0.0018906641682884435,2.2462509630116756e-10,0.29412434071530674,0.014593009041184924,0.17219454448990038,0.036451109623120564,0.0003412746413907455,0.0036293726382572297,4.5243396670931386e-05,0.002306665037839916,0.01850433684626199,0.009349522248958407
60.0,526.5956390197902,0.00036564612435514864,0.7095230665332484,0.19717800284010897,0.0018968321467377532,2.158133283192143e-09,0.29412242801935395,0.011438278577335566,0.17639053128809035,0.01942554013613856,0.004724138910241195,0.018880898679265942,0.0005533018546945331,0.00025300578460667384,0.023372256800854235,0.002604429517463302
61.0,525.2588431357348,0.0003384620202935064,0.5924838695437594,0.16065045341820677,0.0019036493928172246,1.7386131423435813e-10,0.29411443548710225,0.016046998876245843,0.17100861328266753,0.02871207888575537,0.012393174299991592,0.000594040780242466,0.00016856805820517892,0.002513233039638495,0.022660850918855852,0.0033996183782362705
62.0,523.6465545051818,0.00038326120262411776,0.7503543702457502,0.20933270844799462,0.0019018809108978395,7.80414555201503e-09,0.29412760711522784,0.009830440664130486,0.17818138859981764,0.020680378639333363,0.00919052622390423,0.009809973605047696,0.0010451359784678844,0.0035633928803155994,0.023611822505516678,0.0014031627069863595
63.0,523.6439503336485,0.000442785377421842,0.9172150245785663,0.2570535682224373,0.0019089830581133166,7.114955291598335e-10,0.29414510811087397,0.0032598719615601493,0.18521251328567825,0.030312804234854062,0.0013732711104021797,0.004210061030917381,7.813775307754579e-05,0.004481054382738539,0.014406422623800666,0.014055412097705248
64.0,519.5834850996787,0.0004457568794732048,0.9990350717030184,0.28617073726057124,0.0019237123087585675,9.062148809135806e-10,0.2941459817768196,3.799654084854598e-05,0.18950259621742047,0.007667386331988657,0.011973960172485303,0.020265024418506083,0.0017988999412031598,0.001767841406053682,0.022662391629928915,0.0013832321740181019
65.0,519.2553508368292,0.00026256467472170284,0.3533111032076965,0.08946808106795653,0.0019247348009151463,1.0999514632459295e-09,0.29409212053491823,0.02546504352720608,0.16052070217218897,0.02860472491319519,0.005612731076517114,0.011530082611357602,2.25638443376651e-05,0.00017531727924204618,0.02547602556976802,0.00022336402484546456
66.0,517.2601619904702,0.000410956571675453,0.9091764449021913,0.25918359726005646,0.0019274058188180415,5.857311580204083e-09,0.2941357499670159,0.003576411772852976,0.18552634878275,0.020548915762953278,0.004397890619720123,0.0039197086573244284,5.977743540088623e-05,0.014592564960680603,0.022959249835588728,0.001955454087175652
67.0,515.0020715156571,0.0004605049933157805,0.9903380728244955,0.2811392321595894,0.0019415920058534683,1.477565847451956e-10,0.29415031794236957,0.00038046330670176386,0.18876126129827273,0.01632793769754936,0.006338664126204653,0.016069161494223508,0.00021102646279791014,0.001975479950388681,0.015532989715474135,0.011336408277415186
68.0,513.9962773885374,0.00024465673648896253,0.30610171615686577,0.07454875398948133,0.0019446154232504232,9.239590204046522e-10,0.29408685533384477,0.027324034924932565,0.15832250940253406,0.0389957802465094,0.0026476723657421998,0.001651937297781681,0.0029262315588175283,0.0009513887789882035,0.024852315647340213,0.00026769254800641156
69.0,513.7487256463629,0.0003192141919374138,0.5801835455229092,0.15978379013290955,0.0019442901165032567,2.186731185016555e-09,0.2941087763383379,0.016531355864812306,0.17088092032725172,0.020093745595819352,0.018128901906603028,0.00441855593555847,0.0002202014930671496,0.002137722371238382,0.02457324251639097,0.0005062294133864082
70.0,512.8081731227408,0.00042469515206884596,0.9845855068699716,0.28451429224566666,0.0019496315135117993,4.1540931805528203e-10,0.29413978931466694,0.0006069854306344515,0.1892585379273956,0.0020529648284952767,0.0007349269710492743,0.03253728611368398,8.006150332758881e-05,0.007887663940681387,0.02372784833137935,0.0002694882589155404
71.0,512.5280949161622,0.00029350606050230165,0.44006220580208166,0.11515473693346186,0.0019506231668890664,4.893865868105252e-10,0.2941012177640637,0.022048995077083022,0.16430533809465167,0.029480044784659428,0.012609365402282137,0.002694624930105739,6.082768445152048e-06,4.237252827571333e-05,0.0220544350051566,0.00407787748057417
72.0,512.381670355585,0.0003110594312286288,0.585269220926727,0.1622163149482536,0.0019516664198607945,3.707811835340635e-12,0.29410637871699924,0.016331094276642418,0.17123932512882015,0.015318925307108664,0.002576335790484319,0.025999315822511918,0.0002443282857501576,0.0009129687267727032,0.02466365726593883,0.00027972738191102354
73.0,511.69481463697736,0.0004135559230022163,0.9863372149452065,0.28565552566260777,0.00195024998842092,4.039895695751028e-09,0.29413651421509507,0.0005380074064189771,0.18942668566170112,0.0020071341070176294,0.031431329169130294,0.00706028199815816,0.00024006544980785231,0.0023472875813727798,0.023965531893094087,0.0006332312907509663
74.0,509.4468564363232,0.0003406851404423696,0.6439367740409012,0.1792924783605841,0.0019605438814702877,2.369398621748786e-09,0.29411508911760076,0.01402090803237953,0.17375530314505297,0.01611837227402021,0.02772391400677223,0.0001660360764328859,0.0005544467974490853,0.00030827016102204745,0.023954331651846218,0.0005452750428763144
75.0,508.80682732846145,0.0004505549612088855,0.9910729045143175,0.28317813395099434,0.0019638002929225134,1.5821396415205413e-09,0.29414739248444977,0.0003515274133235056,0.18906167023443507,0.020666728053372958,0.0007064184467166028,0.004050515584059583,0.0023674456890658726,0.016506470680530357,0.0221553001368255,0.0010632588681522195
76.0,505.54927487998054,0.0002708071823276755,0.3968717382517256,0.10317848663268855,0.001977789770264543,2.567816514975618e-10,0.29409454395515405,0.02374973115216587,0.16254077413809634,0.030119780090454316,0.012287057681404565,0.0016525970237491628,0.0004531674093437615,0.0007318875688470377,0.021758995634462305,0.0042053743836052305
77.0,502.31633297346525,0.000342898278132024,0.6369336889344743,0.17528703038248372,0.00199050522812706,2.721652347936754e-10,0.2941157398131073,0.014296672573791106,0.17316514604625244,0.028226459018885,0.000763077567411487,0.00956512487580662,0.00017490098375217198,0.004179397416811477,0.016697666109786995,0.010311652962492191
78.0,492.1723222501086,0.00028009101521346265,0.4922168058797519,0.1354021520616898,0.0020250629405128536,6.745746794489804e-09,0.2940972735405614,0.019995273159620675,0.1672885639000089,0.012289902848269045,4.643726785654934e-05,0.032726976019233155,2.530988687437545e-05,0.00028532015800647014,0.023209107012826347,0.001534051536920346
79.0,490.38190544761414,0.0002844984661263007,0.5230446734039929,0.14513616301619028,0.0020391932404207323,3.3714919744909366e-11,0.29409856939690043,0.018781346351460452,0.1687227594496725,0.019708399132858326,0.003911877674712982,0.012612808286574257,4.632848070710194e-07,0.009290973592003045,0.022983535099149816,0.0013049621318249956
80.0,490.266068653875,0.0004624161943060843,0.9996750461244165,0.28421669133322325,0.0020385370295118548,1.1717407599753926e-09,0.2941508798639808,1.2795897110826281e-05,0.18921468982549833,0.020448121964134834,0.004692296877299736,0.012122763157023573,0.000193990117819972,0.0015179505059407603,0.007835173843516605,0.020516055367898866
81.0,490.19449534133355,0.00026740169133244687,0.43502041235489125,0.11581760102274802,0.002038785833211694,1.2207549970888465e-09,0.29409354268998267,0.022247528700011638,0.1644030035617782,0.02999928252634403,0.012021976040460503,0.0012388334007706221,0.0001641718796611355,0.000679091282717418,0.017544680472213418,0.009385351003794859
82.0,489.6296107649706,0.0003907404699187306,0.8856574775068793,0.2548989207145468,0.0020404064249573547,1.9537142459391532e-09,0.2941298061314226,0.004502531784201981,0.18489505053765437,0.005573800474190641,0.0086809037040655,0.026606032604480172,8.832511548925327e-05,0.000724590938304064,0.016833139068184823,0.009325330257192007
83.0,489.14991121677076,0.0003734596908716853,0.8557438986157366,0.2464310086697749,0.0020437284435698448,6.345974301602553e-10,0.29412472532450856,0.0056804561189105,0.1836474002292335,0.014030116014719228,0.0085105337277942,0.007651122692135342,6.808668483766474e-05,0.013090565247117835,0.019828287917465645,0.004931662313270734
84.0,487.07598370261155,0.00017343003546937337,0.12726319063143965,0.02360094316162519,0.0020516543891356304,1.4133733072796417e-09,0.29406591362085727,0.034366263204149455,0.15081593026511994,0.033693605375843774,0.005743572120107093,0.006170877083964184,0.0005846936634172769,0.0008862889660131093,0.022619523894138426,0.0029385355662564752
85.0,486.1789328071467,0.00041516717469844807,0.9588302151049739,0.276278852684645,0.0020501616251909385,6.6942616450127446e-09,0.29413698794713783,0.0016211664829221006,0.18804513978934648,0.016672557250868126,0.00556360197666556,0.005567452462195283,2.474007152458516e-05,0.014042380786562964,0.015581269708052101,0.009920956720222938
86.0,485.152510019113,0.0001203091291782392,0.0,0.009937745238985609,0.002061119432562732,8.808331841692052e-11,0.2940502952817055,0.03973874975861613,0.14472254835565385,0.04327934298668966,0.001055438348542351,0.0012809388809048355,0.0011375073328725887,0.0009626398630546268,0.0240106328101817,0.0024620039649942745
87.0,479.11706875696456,0.000382993221306557,0.9396016829822952,0.2738267328692832,0.002086652811087287,5.19751131022872e-10,0.2941275283247215,0.0023783395376893502,0.1876838478879019,0.015433032063075662,0.00027716447629249063,0.0016572539353577123,2.037831083383472e-05,0.02684513050688799,0.021076918684582033,0.0019452765136278958
88.0,478.170185533199,0.0003715988856474611,0.8767836922626878,0.2544948063547546,0.002091005888180787,2.99739510989383e-10,0.2941241782200046,0.004851959969246248,0.18483550889350805,0.0011853218868026066,0.01780143397413567,0.022182641649187516,0.000179326941155833,0.0007164450204664069,0.016264972234797583,0.009099873896271371
89.0,473.6370905932252,0.0002965252260413374,0.5666669272594578,0.15806161572683589,0.0021073990360662574,3.922099589548367e-09,0.294102105443786,0.017063607576766417,0.17062717756073126,0.016862306703012146,0.0004287332457962814,0.02530307475384916,0.00029943834581749255,0.0004279525324861521,0.01522042867104394,0.010948894904855944
90.0,471.99357201037964,0.00020775855697519378,0.3322274295797686,0.09017990305286828,0.0021143589652322034,4.313955970225436e-09,0.29407600671845086,0.026295267564315265,0.16062558102713223,0.01528288202438342,0.003736874890167071,0.023304449187091104,0.0006664936171696654,0.003674121645068745,0.023539576330256863,0.0005369399436288435
91.0,468.968770955381,0.00010917722487729844,0.020414090005651933,0.016593295407580613,0.002132238424919431,9.972195291751973e-11,0.29404702233572405,0.04101902611742295,0.14374967197694524,0.028304305587367743,0.018109261456547794,0.0017570200825808787,0.00012550015470985158,0.0001216139788278774,0.024372632041623217,4.4491083161015e-05
92.0,465.1401738054956,0.00038790142985061383,0.8926196356618598,0.25667963656243065,0.002147911609115598,1.977943142605909e-09,0.2941289714112767,0.004228378847079861,0.18515741871827263,0.01698558962851154,0.010942617108881914,0.01002449572986991,0.002521539174208301,0.00027177626842189403,0.0081554965765091,0.018831597780571536
93.0,463.35817592779773,0.0002380882988915789,0.4437850397960317,0.12391399285524102,0.002158080584554608,7.70825625551197e-11,0.29408492411517295,0.0219023988850489,0.16559591460212642,0.018578024272238168,0.00015087558042996187,0.0178153564148273,0.00044935712595124184,0.008168936675237977,0.0195653781502646,0.005406090383732803
94.0,461.1583000743985,0.0003034322886128245,0.6688325997524796,0.19290790365531033,0.0021680487627524893,4.040219825363067e-10,0.2941041362232534,0.013040570673046929,0.17576138085091841,0.005787419337068495,0.01980627127000321,0.015455955963652769,0.000478744818384202,0.001836017952191284,0.01562627931625713,0.009272213064324299
95.0,458.1286870222916,0.00021399339339702676,0.3677711717662555,0.101871395653958,0.002177799141981588,4.993659097340952e-09,0.29407783985339886,0.024895641026132443,0.1623481891827821,0.010447270733909303,0.005390152609108793,0.029058208667198267,0.00011348032247425938,0.00011264609878819273,0.019004249764453217,0.006115819586042809
96.0,457.99815449052784,0.0003342738796835097,0.7569771955935258,0.21831873641558258,0.002181708724353179,1.706187247041413e-09,0.29411320411126496,0.009569649831644066,0.17950537738311653,0.009952349714887931,0.0022213065123361585,0.02558055347242058,1.8725053786122076e-05,0.0034444829914342407,0.010429572508785182,0.016391387207835003
97.0,456.0921128522908,0.0003610958719377785,0.8822885685013718,0.2584801507013064,0.002192360812311805,1.7874673963191867e-10,0.29412109017724164,0.004635191266821789,0.1854227039513746,0.008115920484690904,0.008924919418356955,0.006922176801137389,0.000795481353121017,0.018888142134648456,0.016419923372151504,0.006713182189822699
98.0,453.07855679051545,0.00019356377596004516,0.25960661156450593,0.06647817577758586,0.002205308035592058,1.8147359726050638e-09,0.29407183324100933,0.02915489960827459,0.15713340170491422,0.02839620074928727,0.0009067232678369318,0.013694870069410984,0.00019550124929492276,0.000581251075656628,0.012395715316246971,0.015041225185319852
99.0,450.10473077694905,8.198328284917146e-05,0.006705917666247787,0.008841812510395865,0.002221008092298201,6.970612420609257e-10,0.2940390269109634,0.04046797935638789,0.14488274654172262,0.0223158270126655,0.00848916034922738,0.01606670764750285,0.0007742204196128254,0.0006920449542421565,0.022693392250271515,0.0016993204227648286
100.0,447.11184519501813,0.00017216522332677873,0.24562670013341326,0.06461961118602697,0.0022147574101543193,2.1819434647962765e-08,0.29406554174721306,0.029705394683828046,0.1568595633993652,0.025229820377247688,0.0012088753199378114,0.010206341833091482,0.003111564346055975,0.008546953935866804,0.022872367387027515,0.00022150913796325366
101.0,446.313299678991,0.00014901000931398387,0.03064293104297938,0.0,0.0022386953147801787,1.883222133791662e-09,0.29405873376875724,0.03817093516965609,0.14647961335031762,0.04341997133759685,0.0006112197959213208,0.00016852204562750725,4.216448540263706e-05,2.044241541026761e-06,0.00910524895927852,0.019383909098013866
102.0,446.03925273899085,3.982992015533153e-05,0.4416417978856945,0.1459468233927554,0.002239589017758297,2.3661327341883975e-09,0.29400311431790993,0.057951711112803575,0.12484139411988494,0.04058090300562886,0.0011311247048754098,0.008097228374790622,0.00015914966047702916,0.0002140743487975035,0.022784081803275014,0.0024108741938198295
103.0,443.0725270321978,7.974650678260248e-07,0.2805597652998288,0.09413216529795716,0.0022557849513644853,1.1818858669521148e-09,0.2940145904383581,0.05147646918268616,0.13241541214309116,0.03465622630504276,0.009920390540333873,0.0011109318270132301,0.000904872695722883,0.0035075820350152862,0.02339312520528821,0.0007247457768903348
104.0,442.6969149236543,2.816904578624789e-05,0.31126093816457023,0.1078091141262128,0.0022465476724871647,1.23341183932979e-08,0.29402320472221843,0.052710607581899535,0.13041618140922906,0.04398293073163607,0.00040317427872036847,0.0001425746776292795,0.0001231697779976707,0.004587623057915502,0.021701211903255285,0.003291302923691054
105.0,436.2006562092657,1.244174731612702e-05,0.2707646751622145,0.0912813234866603,0.002292089448527372,4.334667069727516e-10,0.294018580661776,0.05108272211263631,0.13283213451575582,0.02898233713534721,0.0006002991655570316,0.017666538411817787,7.650896121899958e-05,0.00225003840543795,0.021634158385320804,0.0024069034989613824
106.0,435.86034353019505,9.30815258246469e-05,0.6403563878776881,0.20839413780462898,0.0022937779797781803,5.349001241938822e-10,0.29398745755639316,0.06593972209445263,0.11571314543027642,0.04621608248503342,0.004006767314868536,0.0011420707571444225,5.250381560100547e-05,0.00040968151917394663,0.024279310781073003,0.0004332759071323115
107.0,435.25063525820366,7.695841393494473e-05,0.04243911588625829,0.021040868660475685,0.0022974123155874585,1.1448619829934614e-10,0.2940375495245185,0.041904397184602656,0.14309954706604983,0.0358620703224949,0.004720526082507286,0.00032341188482095014,0.00047109785798303094,0.005234325741366319,0.014263152226235162,0.01179898158852362
108.0,434.09069778787,1.6510990545180127e-05,0.16429814802555393,0.05485426522972897,0.002303499287992546,1.6675483216488374e-10,0.29401977708000904,0.04680293677840419,0.13815686705120178,0.02104789145521759,0.02010351228418758,0.006039611110885001,0.000800278785313996,0.0016868162590823116,0.023102920480107706,0.00018443522815254643
109.0,431.126591226919,8.451446985764976e-05,0.025500465129136413,0.01588516888183219,0.0023193967197200393,1.0762157831578634e-10,0.2940397711177158,0.04122349032080539,0.14385318251365314,0.034021115199302496,0.006832228796507371,0.002817216882684988,0.00042958355639957874,0.0016259022679779894,0.011508819301366205,0.015222237888392248
110.0,427.16104969696073,9.376645855296446e-05,0.11242551883069078,0.029667185146320114,0.002338832111231568,2.205304772129324e-09,0.29404249134045596,0.03495053480695976,0.15170972186842704,0.011544929535420396,0.006880200609819799,0.026893829768756643,0.00011665355368709849,0.0006875704218155183,0.016082885476061324,0.009033086789357695
111.0,421.80218576861233,6.071061229608185e-05,0.46607546290436663,0.15020393344574048,0.002370178745025524,6.008140651658778e-10,0.2939969750848663,0.0589339056486902,0.12421911020537778,0.03566305835707108,0.009567732611362404,0.0014951115443164536,0.0020059243984784005,0.0029309857244317165,0.022190874687847573,0.000620193536476433
112.0,416.03835535671413,0.00013812472439562253,0.22190514825912372,0.06306180535585161,0.002402540740984446,1.0837977737487847e-09,0.29405553333255446,0.030639491981629137,0.15663003846875634,0.013361831359693929,0.0006857964346050133,0.018871888938676713,0.00030435366451485747,0.013189270454228531,0.014950138026166135,0.00826760253463029
113.0,412.8571179345875,0.00013037125720244893,0.6236199601703845,0.19672853783702784,0.002421049754420759,1.0957205143213855e-09,0.29397649382255137,0.065266944276151,0.11741836684164755,0.03124056532246201,0.0007016650612132121,0.018941868086782138,0.0006184513293904707,6.351089342238363e-05,0.022146969841328707,0.0018167574632268072
114.0,409.3783033830493,0.000178051087761309,0.7234801527555044,0.2258948394812745,0.002442630014211133,9.836620407099872e-11,0.2939624752455181,0.06928116545151446,0.11315497685807126,0.031369979155507384,0.006194982814065844,0.013800567034386415,2.7857892479156768e-05,0.0007622450915545481,0.0232018086642083,0.0005911976159032437
115.0,409.2273866982842,0.00010826497073619315,0.5520146176886325,0.17541900465728036,0.0024401939540148582,3.4352665712056307e-09,0.29398299339849604,0.0623885232094743,0.12053329212156022,0.04052000520399265,0.004610383261253784,0.000721785764011947,5.4314014816125617e-05,0.0037183121237522507,0.01624549855783607,0.009320204347148546
116.0,400.1636857254475,7.506274666147074e-05,0.1427838340153522,0.04353273957654679,0.0024986100746682604,3.673080173349774e-10,0.2940369921700518,0.03375509783344028,0.15375265325101967,0.007379834008291316,0.011007884346232604,0.01595123323327007,0.00010493368585065434,0.012585486054681695,0.014197929917983765,0.008676698208300068
117.0,394.97335479245635,0.0002420922311500969,0.9287947040747706,0.28886741842439595,0.0025302611049023605,1.555251483154052e-09,0.29394364619995794,0.07753448439853655,0.10394994752042017,0.03254262124497681,0.0005596042853713932,0.020322085875915177,8.646981027283879e-05,4.510472376515124e-06,0.0225241657099484,0.0006908667184340375
118.0,385.23058319926355,0.0003280880115832391,1.2097641218022817,0.3763683069443754,0.002595765517935482,8.238099091784079e-11,0.29391836216563133,0.08882900884389977,0.09115948761842932,0.04662219666211321,0.004220235154302849,0.0011062287253687472,0.0008949114087474128,0.0026194189229604386,0.022525544655886586,0.0003062343990390852
119.0,383.7633022040522,0.00036128450549365173,1.2268587615568083,0.37923659911815416,0.002601510388798077,4.2624775931088266e-09,0.2939086019042868,0.08951618621770002,0.09074021443553433,0.04222289278708995,0.0026268992141227905,0.00948175012711818,0.0002870069748047349,0.0003763442255722896,0.02340519624030984,0.00034743018991873506
120.0,381.95594018025946,0.0002138522712362958,0.7143651612519781,0.2166839631410248,0.0026149820055394717,3.1210131701264743e-09,0.2939519491668273,0.06891475726663614,0.11450137855164103,0.016194916973534687,0.015373308602048566,0.01933175414103837,0.00048015944671866783,0.0011089752440556413,0.021464710090135244,0.0008226715901569726
121.0,380.4604705013028,0.000229678955637168,0.8810984679908217,0.27362339967755994,0.002626278524167791,2.115428776594541e-09,0.29394729588698437,0.07561717144412661,0.106178245013446,0.040700347951086645,0.0036067379473801093,0.0014790100199022329,0.00026857082334580314,0.0058841362997899055,0.015237956100540028,0.008881842343695006
122.0,376.348891370629,0.00042054018063297457,1.408378101107554,0.4348346629246788,0.002654388495749666,2.7204341002118326e-09,0.2938911798573361,0.09681297543570089,0.0826131563247666,0.04570556950093631,0.000809245400836021,0.008907717665918507,0.0003045640492851769,0.00020291274643640184,0.023296791666478325,0.00028392878297932934
123.0,374.92043700187145,0.00029721633306078603,0.9857579333175267,0.3022279984333203,0.0026660495990523197,1.1829690005349391e-09,0.29392743889678663,0.07982431576300587,0.10199696206207859,0.030437917982909173,0.003686707784071911,0.018231170211191697,0.0001734927004975596,0.0002992733848235175,0.01786404991335906,0.005979786064381773
124.0,371.9005692642716,0.00039103658378109436,1.347647359435826,0.4154902199460947,0.0026882742609866932,6.164873611602673e-10,0.29389985435219856,0.0943716960539655,0.085440834151003,0.03888726631179023,0.012263263639546775,0.004511888010291456,6.347813703534583e-05,1.7276243823708282e-05,0.02262222706504674,0.00010562835339387184
125.0,370.0436340246555,0.00018342729661418203,0.5861852770008439,0.1737746854306323,0.0027020653955282044,3.1861557836521115e-10,0.2939608945604136,0.06376212945472852,0.12077365081380038,0.0012067227926107775,0.036330056638299524,0.01403142543816202,6.932139888750298e-05,0.0005048458107423992,0.02079666222852622,0.00018141763859758658
126.0,368.36036378464206,0.000266952410653531,0.845736804345457,0.25532695442475434,0.0027129233099323987,1.8095938081330587e-09,0.29393633693863414,0.07419568871585822,0.10885273156224883,0.012099546916234726,0.0004256799246979368,0.039874817031028006,2.8381732928771817e-05,0.0002628983842592776,0.018612166695982844,0.0036976292994658766
127.0,365.2460385110612,0.0003880786406056383,1.3185012962664606,0.4063778169174606,0.002735549160453912,2.3313216357401245e-09,0.2939007240313434,0.09320007059517,0.08677284148852747,0.0435337040893034,0.0032699682811838915,0.0059729600785881415,0.0018057408065435456,0.0010862660593163726,0.018781588507670637,0.0038004924582235385
128.0,364.68312729557493,0.00010302284456226437,0.3412828514489691,0.10016835216012313,0.0027373912951808624,4.715276669120527e-09,0.2939845346613052,0.05391744082456962,0.13153307131973108,0.01839576876684524,0.014122738046099394,0.0030391094237194275,0.00010284722604517687,0.01310531438499642,0.009015939095879387,0.014079204468239001
129.0,364.5798881479251,0.00019799135576767163,0.6700780263970596,0.2026103787403058,0.002740204461915416,2.678600230510142e-09,0.29395661251111166,0.06713448476837058,0.11655858756973664,0.016218602414539415,0.012736269618288483,0.020837974934078293,0.00020168061074787478,0.000460347755096801,0.011776499581853077,0.011625039676309219
130.0,352.4644166519371,0.00038542731755412447,1.1362886852321241,0.34164326745755563,0.0028268010036185203,1.0364828606501675e-08,0.29390150355962613,0.08587541296436457,0.09623542721931466,0.01300604529876691,0.0025898248846767356,0.03704590327506934,0.00015114767569697924,0.002353165047816467,0.021073762660784052,5.00578689274296e-05
131.0,351.29107176357303,0.00028536873945563614,0.8034234246585565,0.2380766414278319,0.002845799065901202,8.43164371655547e-10,0.293930922264946,0.07249475804124965,0.11137429951905362,0.015673055481132788,0.023398482884829482,0.001839906873257541,0.0005118285964090096,0.011786059538473836,0.017009388577674762,0.004007344860210785
132.0,343.3559126024826,0.0003818365341682389,1.1227640492790858,0.3375294923504917,0.0029112295909880155,1.2002326910121042e-09,0.2939025593031746,0.08533174407462664,0.09683675911939811,0.019763570434395958,0.025226028548124137,0.007705964186343705,0.0007547953838504889,0.0002474720358908196,0.014029866154641087,0.00827070437224246
133.0,341.0737918874807,0.0006611582007388978,2.105328225719742,0.6467507694979407,0.0029285507869909635,3.366070255861331e-09,0.2938204345922857,0.12482926376806817,0.05163627700893628,0.056747583605438,0.0017151404595671467,0.0006607541195215887,0.00022737765705994726,0.00017524032350246113,0.02105322951558443,0.001864796290451149
134.0,338.3166630558488,0.0005475547713972708,1.6578856555348451,0.503247095472818,0.002952463514720438,3.347147892185376e-09,0.29385383568467216,0.10684278293423385,0.07261295529703841,0.028710431476367707,0.0004598493623907501,0.027123412277825054,7.118930245655563e-06,0.0011834431380149464,0.020279143711987684,0.00118531059510128
135.0,337.6857726973512,0.0006904485564010616,2.17302970910162,0.666291585858287,0.002960416795962236,9.161379432853778e-10,0.29381182279349427,0.12755075589781145,0.048779894264295846,0.0537128810488007,0.0005674477124703916,0.005435954619575958,3.927427728864135e-05,0.00044184607783518065,0.02238685429932638,1.1735422008408211e-05
136.0,329.9737148547449,0.0006366229512062685,1.9703475841564697,0.602043693316897,0.0030286490309674612,1.8953881242289583e-09,0.293827648319381,0.11940325631103697,0.05817134282256312,0.04974188858821069,0.0007548104468972147,0.004072130546339692,8.870822219678181e-05,0.0035559591204212806,0.016192267464431767,0.00662191371851919
137.0,328.0895658962874,0.0006547768894384978,2.025005700174094,0.6179804929597155,0.0030467385654124072,1.2096290635810192e-09,0.29382231079241034,0.12160042578411202,0.05584177794333347,0.045493185785411686,0.0012125037927412984,0.007408424466902305,0.0003082809720796839,0.005699039301909362,0.020469973129078844,0.0003208331568580992
138.0,322.69329797041,0.0005871528142768226,1.7517014001238704,0.5303969415213796,0.003098225676679699,6.921077599919556e-10,0.29384219327302835,0.11061402689804603,0.06864432111396881,0.029411177046172115,0.020877310886699033,0.00624595626396241,0.00015151342283957595,0.001147600301720495,0.01602078756413275,0.005059857392797
139.0,321.04510971613064,0.0006377088678973404,1.833708263471691,0.5526786798826411,0.0031142770141557464,5.500607191954998e-10,0.29382732904377523,0.11391057258711385,0.06538728354695839,0.023401837425204942,0.008640479579263236,0.023753479474965828,2.5810841207003223e-06,0.0032853641396062908,0.019699222147560584,0.00042701442732458433
140.0,318.3132791609221,0.0006507029689229978,1.9601450445686577,0.5957917179943725,0.0031379551471884767,3.604019416236781e-09,0.2938235085854374,0.11899313042007227,0.05908522656732905,0.04001551449492335,0.00682389748764579,0.010402418097050274,8.339600769213503e-05,0.0003838154647747596,0.012838351551145521,0.009671167341613529
141.0,318.0557246757338,0.0008270771345594785,2.467407563281951,0.7524192112715422,0.0031419724968393425,2.130634835229017e-09,0.29377165196601,0.1393842781975153,0.03619017137193468,0.055090127392472446,0.0049555244303007865,0.0004577419434385449,0.000776774050342061,0.0009090228091900845,0.021766947275266176,5.2652548767104576e-05
142.0,313.2819789753696,0.000704515256572804,2.018351124326583,0.609170572927467,0.0031832213741423768,8.791148475850719e-09,0.2938076869751063,0.12133292240174699,0.057129569768287224,0.03678120286296686,0.007221488232207239,0.004130925340504142,0.00015325335985305567,0.012067889106680952,0.019812594582403992,0.0001698213716218531
143.0,302.93675020541616,0.0009293905246730666,2.7814313388852607,0.8472616482065444,0.0032982927985936495,2.72630629183368e-09,0.29374157031253034,0.1520075353429479,0.02232655916018834,0.053379482150188305,9.477426144199861e-06,0.008738727250846028,4.9592846261529056e-06,0.0018322807590857547,0.020650037580846024,9.851524857857962e-05
144.0,298.54179495069366,0.0006819797227263822,1.9681571316618087,0.5945588241176943,0.0033426127332307812,7.002017243795677e-09,0.2938143127561443,0.11931520359893949,0.05926544507664695,0.03922979966875039,0.0035653479437959077,0.01199824966560087,4.658872537874956e-05,0.0005276123770646861,0.0017542179478827174,0.02241286154497175
145.0,295.5514910671221,0.0008191828134401806,2.275623010371297,0.68314702230762,0.0033810601741980197,2.4450024782574076e-09,0.29377397301345165,0.13167484370243027,0.04631604746591137,0.023527169338562443,0.007241119826593446,0.026075832936544033,1.350312999133746e-05,0.0042831936273013465,0.017557987256457054,0.002014833544688839
146.0,295.1739650981738,0.0006444085996702831,1.7282954569563407,0.513109661626821,0.003385028914386584,2.8037478450038122e-09,0.2938253592233111,0.10967314514867064,0.07117129271443842,0.005798919687290189,0.013028276697905287,0.03672087817519689,0.001162867947433266,0.0007408492054422535,0.009561243571322793,0.010001492003721083
147.0,292.4868988437159,0.0009391236468200183,2.7405624280538228,0.8327776426624395,0.0034169100694475627,2.046485370055251e-09,0.29373870863032653,0.15036467002267767,0.024443761571107704,0.05647087164938725,0.0018098886755319133,0.0029647879075955516,9.369462942530876e-05,2.980993821909535e-06,0.010960210079050346,0.012109219932191193
148.0,284.0175819279113,0.001056219697905681,3.017564885200832,0.9140020962123913,0.0035176255140180936,3.2832734309096168e-09,0.2937042806553695,0.16149972895178416,0.012570760807754764,0.05033048229048638,0.005076566971141041,0.008134837950619485,2.906337105890927e-07,0.0009027616179547041,0.016451186311857078,0.004453419204807338
149.0,268.63327919832284,0.00107713435591208,2.916962838308741,0.8734252211857281,0.0037225224681066787,2.45036768653506e-11,0.2936981314358578,0.1574556864112602,0.018502093640542228,0.01755210944443441,0.004421730694630576,0.04276921145058305,2.2610964871863175e-06,0.00018388166054707827,0.015805873525898004,0.002232552718990702
