15.0,61.51219917483894,1.0,4.0,5.165579163504183,5.422997307052468,2.0,2.2268399846574938,2.4246411321344423,4.0,4.766271225247021,4.870528497325776,6.072688300277005,6.59529363375359,6.621028193476765,8.263903673342316,8.267395295723997,10.014789401113807,0.20776569267308617,0.013811353919455762,0.00015782822086393372,2.635257379502897e-05,0.017223309175608933,0.0038933401322003088,0.0005073214983537129,6.167398262854542e-05,0.00013429869150520128,0.0003470629395638876,3.9674480726192686e-06,0.00035569074687901174,0.00022145047225301305,0.00015698314077189582,2.4841340296618793e-05,0.00015831282542254225
29.0,57.35333131472298,1.0,4.0,4.7631700013614395,5.030090686358562,2.0,2.841618060067475,3.1330017413103812,4.0,6.206426113693638,6.373670357354188,6.433480494552042,6.518496329816561,6.735138511447793,8.296122595074007,8.626370305559302,10.006566404115446,0.23136943810070437,0.0035669993905168835,0.00429758482266436,0.00016398704370317605,0.013265476828434378,0.005341180055714995,0.004098029650984576,9.073839149578879e-05,0.0013091755323354603,0.0007743844709615181,0.0013976652210787744,0.0004072240470617244,0.0010917739694879791,0.00026680542245586354,0.0009614087159818532,0.0008444379825388957
21.0,57.12299798916393,1.0,4.0,4.962644072362897,5.749896573687861,2.0,2.2666197946046083,2.2673798819739024,4.0,4.039664754275037,4.412223916532939,6.25430696010897,6.429314220819387,6.892245165987879,8.013120797393894,8.026979397019197,10.050473835743361,0.2026076323954093,0.01486169642576603,9.408699726089507e-08,1.6214135045109465e-05,0.023406891114352724,0.00014968848818829866,8.648033951998779e-05,4.905497490812907e-06,7.171907386902283e-06,0.00023494644847226327,0.00020553533684622815,0.0004991123972659616,0.00011696592112285418,8.08292096408303e-05,1.2790589607062871e-05,0.00020495437162187775
18.0,53.24406530484842,1.0,4.0,4.454719228015696,4.976732826966451,2.0,2.5107749457829738,3.328087494801735,4.0,4.005394181160601,4.2701164530949205,6.205243745699056,6.7423172565023926,6.844595375651894,8.267456958802118,8.32120526380285,10.009653191883503,0.20072517118415734,0.012968730433012974,0.001990876898394976,9.250468228991538e-05,0.023972404021943106,4.349036723001303e-05,4.882326000536424e-05,4.0192307745681495e-06,1.461044692405566e-05,2.565183843641058e-05,7.867362697141158e-05,0.000222476126331074,0.0005014278735083536,2.2296899509416975e-05,2.611788034265501e-05,0.000216802788014484
49.0,51.050430250178216,1.0,4.0,4.021402779901979,4.029329074344916,2.0,2.317477114426771,2.816545904007418,4.0,4.1119228140599215,4.19074715257718,6.047516321416573,6.369038376399607,6.38695002461907,8.337050475514577,8.524439048206583,10.035279897470202,0.2011139520776322,0.00017058421444708186,5.27143550675759e-05,0.015266572090836816,0.011643738267775495,0.010892092863766797,0.00010269483042738977,1.3879311504008711e-05,1.343129428975948e-05,2.0196032477121647e-05,0.000417583206104335,0.00016239644447614722,0.00028514347929924045,6.791859637682415e-06,1.869792031252961e-05,0.00020890405397342967
20.0,44.18083720046298,1.0,4.0,4.389869177571621,4.982584330922464,2.0,2.7501875742301767,2.788390665509352,4.0,4.238898807741015,4.74166917354478,6.056233479501678,6.457690883578258,6.481270372944652,8.029348191285042,8.107769693597174,10.027281439458363,0.18896962811817047,0.019462209006636828,6.821174217311644e-06,2.5115492611416494e-05,0.02538925228899278,0.00012027060839184013,3.50623967045738e-05,6.69028521593433e-05,8.02596254069593e-05,0.00030103952722801945,0.0002802678324061033,0.0004208682052314378,0.00027234745664683307,3.425843668243204e-06,0.00013599726377917134,0.000248802445780682
39.0,32.391070593795064,1.0,4.0,4.002577545155515,4.439556182224719,2.0,2.261961960046216,2.407191640927816,4.0,4.361014358370152,4.786203622647112,6.052876509486118,6.381818908654048,6.93213093608152,8.108355472219397,8.409411547039687,10.002059913430584,0.17043035219235816,0.00226311631113199,0.023458326677087908,0.00018352122099218592,0.023805218075069322,0.0013064421397619042,0.0036156302349737894,0.00012158734217460634,0.0002778762752523178,0.0006766677826728383,0.0004885614204362826,0.0012083103406603252,4.5163650987089295e-05,0.00010317159648758417,0.00031881766687468096,0.000334852810902012
22.0,32.25707208836514,1.0,4.0,4.350664368085438,4.580691633519141,2.0,2.1045016442661244,2.329001266307027,4.0,4.380260881093935,4.530049266243731,6.0008030740813,6.356686789332655,6.527584755316279,8.185242769746104,8.21065932723969,10.022222278863806,0.16701292070771662,0.026137775117876343,0.0001886881150206404,2.3920603234390548e-05,0.027513811969719432,0.0015772447887001959,0.0003296105974365542,1.976900172216893e-06,0.0005134205987729176,5.2709636162024155e-05,0.00042806006815326197,0.001026507178627549,6.201603687240603e-05,0.00011144060075596798,0.00016479000411227346,0.0004172933531551224
48.0,32.123690713904196,1.0,4.0,4.184050102811542,4.954714324638824,2.0,2.222927392711023,2.2233223893342293,4.0,4.819954705245744,5.601732518406344,6.393089344940952,6.448884308978406,6.5046438621482885,8.263508208055232,8.35803388159226,10.034185054503965,0.17028221010792285,0.027162541985717756,0.0001297627310481713,3.986812050315008e-05,0.006755523181007242,0.0006651777749654382,0.021759013326828506,1.9797420886224917e-05,2.074350042968146e-05,0.0017414125868400702,0.0001588211942644893,0.0018354555039404557,0.0002582983760273604,0.000640795067647046,0.00012735795293941274,0.0006133603441862399
47.0,31.33211159172092,1.0,4.0,4.698044492483969,4.833488895992074,2.0,4.292052828852244,4.330640635275117,4.0,4.208229872628817,4.426399826837318,6.20735521181148,6.344924832645515,6.487969793276395,8.297205539490914,8.3940420387205,10.008543045280824,0.19887503564681142,0.0002659649087927887,0.003971941532395405,0.006950672028117685,0.033462025999759004,2.6871757375078378e-05,0.00028545200832327203,2.5104716865782124e-05,0.00040969956617465286,5.4185075933007085e-05,0.0007845752723705116,0.0002507473844725607,0.0034479524807171126,0.00041399455379800067,0.0002663139811121793,0.0012046884044733864
19.0,30.828482346883224,1.0,4.0,4.303020016547964,4.85263627861881,2.0,2.4588440775767952,2.9241174420335043,4.0,4.031368016313497,5.529201905464015,6.522929032715412,6.954597825202526,7.235511790910094,8.32148227860663,8.587115372221215,10.049544451935942,0.16420098437219224,0.02227197515186288,0.00505238627605453,3.256463240910546e-05,0.030986596674228484,0.0008237994351787719,3.824467978649978e-05,1.0490712709002954e-06,4.137574895600695e-06,0.0011706613369225497,0.0007443527807868452,0.0002516962368145144,0.0010798918428186768,2.6758356619326507e-05,0.0005820197957184424,0.0005703331585855143
2.0,27.22412899562851,1.0,4.0,4.115902532960051,5.108403845360816,2.0,2.801395541235684,3.639213356084297,4.0,4.069476461966757,5.213987571462221,6.206346496136813,6.313868805480655,6.580229389022825,8.049282238160645,8.166241801553669,10.04735250059478,0.15315144128251676,0.028138327291853796,0.0021860880438557386,0.00013593891441813464,0.03250597497662046,0.001847936878556403,3.1011091219523124e-05,0.00011580317260451628,5.394778921548858e-06,0.0009551680550700675,0.0006406453588175843,0.0020232107170015993,0.00017002761027109245,0.0002847429117795177,0.00036998522560307927,0.0006692242961874689
5.0,24.9463078481841,1.0,4.0,4.308288229310766,4.414587800573712,2.0,2.1603050583611965,2.4922551581248897,4.0,4.62419861188739,4.688384412512937,6.2776429936406135,7.411157557750295,7.762460135712553,8.192581980807727,8.243288710106023,10.00457806279207,0.1440812092968052,0.029302863327102677,0.002479954328270965,0.0010508401786039352,0.030077426549704446,0.002078882872063899,0.00044084776544578224,3.826278818407059e-05,8.414977222111146e-06,3.4416309011508985e-05,0.0009553716786507361,0.0005374965150885704,7.697956632890056e-05,0.0001054555867225836,8.358011903904e-07,0.0004120356916112168
32.0,24.707963915718487,1.0,4.0,6.035815385629881,6.25790654788615,2.0,2.3961178182962874,3.187454716093633,4.0,4.319252768012653,5.212611765161412,7.155900133720449,7.2955867649565205,7.323257418076088,8.091648710245792,8.19977068622724,10.040265713594081,0.16614113290607485,0.025391319073101073,9.891534876873398e-05,0.00021448507609137798,0.042668939007785144,8.925995477483169e-05,0.0001546800510240844,0.00021020979266621792,0.00047603028618678066,0.0019205035405467866,0.0022465917777346836,0.0020999401804210386,0.000997171051808818,8.35437626603665e-05,0.00141645620785752,0.00162700544385894
46.0,23.682049157375694,1.0,4.0,4.012272040683346,4.381674722093972,2.0,2.3447218924139555,2.7843590749286786,4.0,6.062048003494725,6.2126651861403275,6.280214099735404,6.415577647582773,6.443455166290036,8.04399146523772,8.41405600102743,10.056084423841611,0.13287222456538159,0.03718320457771756,0.0010126627076334387,0.00044084909096921783,0.03354023893627702,0.00427911240970196,0.00038540578050442147,3.9399884475436474e-06,0.000447019329826916,0.0016930718646951718,0.00034693990670369373,0.0008035484136410118,0.0024286473339699584,0.0011179641095634021,0.0001081754929198697,0.0008625897917175688
38.0,23.156343168005893,1.0,4.0,4.009050182154204,5.706185110019961,2.0,2.0417467359976227,2.0954008055573206,4.0,4.211333183616397,4.263277146688742,6.121935776073746,6.175262287667318,6.838076405560798,8.168657590420851,8.316155451412532,10.06843523618351,0.1378981716422957,0.03223739424943499,0.0030078321355205455,3.3382409615178554e-05,0.0189105251753293,0.0017357298350178178,0.015603878373094814,0.0002565310782828691,0.00012743905739920835,0.0006473000300998348,0.0006581846210126093,8.88005671509744e-05,0.0022089840660248503,0.00012491357686380964,0.0005507537379885784,0.0008881605976616068
12.0,22.45455084588496,1.0,4.0,4.028270929963825,4.315859756262475,2.0,2.5852146115841714,2.9688138887362805,4.0,4.579918216637865,4.581198389384594,6.550265959035893,6.822953730404704,6.822953730404704,8.037582086505475,8.076688110300356,10.019510009342811,0.14818986102048967,0.023330561720938864,0.011740365738986834,3.186065791495981e-05,0.015881023074513414,0.0059820300696769866,0.009830823456595457,0.0002071938312553256,0.0014782055138581583,0.0005320382815192971,0.002246949429823044,7.327556037592408e-05,0.0008780044630585952,1.866296408852687e-05,0.0010023871066823953,0.0007997664409110047
36.0,21.43775337943399,1.0,4.0,4.182783726070086,4.323544679531138,2.0,2.254509239599378,2.389396154102725,4.0,4.169533454418566,4.843781397027504,6.342150898394928,6.430970040908529,6.454167928518062,8.002802800712708,8.160596685446588,10.034201915353712,0.13143966322468534,0.03673412457745718,0.00030683961973134864,0.00108643945634999,0.0206358393835358,0.0005092379157240995,0.014739736961580398,6.548420574401593e-05,5.4736699735882856e-05,0.0012134946880732853,0.0005358333630081178,0.0012411008579778827,0.0013390853334415242,0.00035949544903528057,0.00033343198000142373,0.0008025814462943183
23.0,20.277048890524284,1.0,4.0,4.000543992555362,4.594250539676981,2.0,2.004584748147227,2.943888395094934,4.0,4.400046646967269,5.122889764901009,6.1247812015269805,6.207080466807557,6.293315543866038,8.38528082263417,8.450075888332657,10.012503248620753,0.11670796825673192,0.015192505798823627,0.02729043202483695,2.3022356950150018e-05,0.008110620376411366,0.03208494190584627,5.94690374793615e-05,1.375622920515279e-06,1.387977499127945e-05,0.0013680742612468143,0.0014560767569715672,0.001520155561865223,0.0002708440834539475,0.00034996148728233154,0.000341391404724845,0.0008320659786066363
44.0,19.103776058021,1.0,4.0,4.154829424681852,4.166436073535758,2.0,2.478151935060201,3.5977995158199216,4.0,4.499260970050704,4.677118380656389,6.179959476780924,6.402190923758227,6.523675508193459,8.060606330566863,8.136474318084355,10.004392462732103,0.11599760697120318,0.035129676611706656,0.00020535600773759696,0.007585286267970112,0.03187684393899469,0.005685690825745214,0.0006731484229390751,4.956319309795995e-05,7.186323087496582e-05,0.001353383839994736,0.001979174526454112,0.00026579417675684784,0.0010098912718878846,0.00047810338577050925,0.00031974222415629707,0.0008331248788528854
17.0,18.45077743432607,1.0,4.0,4.392297126268225,4.753544090439348,2.0,2.6757128975336295,3.398617903437853,4.0,4.192792847849013,5.231331115974521,6.2104361764169695,6.314623733976762,6.475717846624387,8.098372939833586,8.124467095451283,10.016355762876783,0.10526543842594689,0.047913834194033125,2.079332156106044e-06,3.077371296012032e-05,0.03420718218358333,0.0021185371260201086,2.5160636878319853e-05,9.491651850188886e-06,1.2374160822618711e-06,0.0016721946836679854,0.0005964760553444163,0.0007565801362665011,0.0003943801256689828,0.00018458849121386748,0.00042249647252728424,0.0004052679245045546
6.0,18.387675249258983,1.0,4.0,4.577548777464848,5.005986269475919,2.0,2.2766046556874926,2.996960191965763,4.0,4.224979409515311,4.503538380919643,6.010830681783981,6.276244474346582,6.473376190188247,8.068946058240437,8.166792312160203,10.029719829240083,0.11083110871429742,0.04422147912880209,1.0666942909541444e-05,6.737225172735155e-05,0.02169103692030994,0.019116478543786522,0.00013871545295356325,8.465567058101562e-05,0.00019548470349326053,0.000669375080985926,0.00017468788304565318,0.0007182521878240638,0.0027460992716324,0.0005085573536374131,0.00012095453470373374,0.0009526973329988016
31.0,17.45451874306525,1.0,4.0,4.000974602316346,4.113564595572733,2.0,2.841228374930364,3.0053877951337595,4.0,4.160887912560892,4.355666567441864,6.2440126992220275,6.593189996856342,6.919352238064916,8.021694356359967,8.097080725649727,10.04593380212129,0.10974431940198161,0.0004558294513535739,0.04450693745550621,0.0002686632489109177,0.018787518950591945,0.015273359340175307,9.933133858952298e-05,2.2131667965134737e-05,0.00016019260210517667,0.000151498105566142,0.0015372003076045476,0.0007035576551492551,0.00024244308482396167,0.00024536262160953197,0.00013049462680604613,0.0006087315984596286
3.0,16.880886662348782,1.0,4.0,4.860590112217945,5.184675660321799,2.0,3.7238333127849117,3.731539353399654,4.0,4.760521517342428,5.115200062429643,6.537214262809875,6.670949114439746,6.673364253171778,8.061648760518922,8.099947841507058,10.02753019055062,0.09274801943579751,0.05176350717099566,6.384988687866831e-05,8.233516252824702e-05,0.04173586253773319,9.954844627589385e-05,0.0004706614907949338,4.002332897171828e-05,5.635033976369598e-05,0.0026293250710300135,0.002260206236910081,0.0008483772125411217,0.000331815836133059,0.0010945366207946953,0.00017887675413455262,0.0009828269411296235
45.0,16.879864652809385,1.0,4.0,4.005145379579326,4.0222336332201385,2.0,3.0524663956293296,3.11203580789013,4.0,4.346489253983298,4.48510941928994,6.257003512862904,6.336906503511164,6.74856108755019,8.147437454501906,8.244518459457844,10.082379135896197,0.10546198150244313,0.0008720919227748603,0.02585694614206676,0.01822499706225693,0.03976893391627077,0.0007964836026963499,0.005763389484262042,0.00047264412584837364,0.00013590498358062396,0.0007312711634312998,5.8925653594265145e-05,0.003923459671955262,0.0016177283253322279,0.00026606144731257023,0.0007349815975177995,0.001613669652096728
14.0,16.47353906349043,1.0,4.0,4.0,4.000823457461505,2.0,4.036347590876364,4.492818670038208,4.0,4.435585373610171,4.60267564645993,6.495101645723059,6.71823922297007,6.757719995231703,8.056916905010318,8.105923489146058,10.062866941220905,0.08636345041843498,0.00026162794306852785,0.031098317671300404,0.020017908079853326,0.04341421318720541,6.3618472022966645e-06,6.288693183218068e-05,2.905504440883885e-05,8.7247888364819e-05,0.0006087522891042184,0.0011858265563405295,0.00021485627543813514,0.0015150912133983466,0.000499863405165047,5.6891612971612895e-05,0.0007993554844512201
13.0,16.36931691037241,1.0,4.0,4.85764991507869,4.861222079784453,2.0,2.1208981591663205,2.6627925547145685,4.0,4.457462518897959,4.666971890315453,6.086861697062261,6.304834765871152,6.471708396152702,8.340658742093712,8.345232547895163,10.03944601892954,0.09377578771174291,0.045710216152494425,0.00026124948628210255,0.00030863127012140687,0.0529668353561078,9.360970284531455e-05,0.00012010614913459723,1.584392104705376e-05,0.0003447745567946773,0.0005286655175759582,0.0005362639347988099,0.004584819958966528,0.0010250892635017255,0.0004190346894760787,0.0004339392561702025,0.0015032690659205138
26.0,15.789109920954653,1.0,4.0,4.5116890295182515,5.702585221514224,2.0,2.1904511886114744,4.251404840716392,4.0,4.219828226038572,4.711260126549691,6.675954820777286,6.728026943553059,6.773169200711029,8.166688272658721,8.32737508525907,10.04978076899603,0.10749923488013269,0.04390622951163908,0.001467249214056521,0.0009464564437858889,0.006931002138542199,0.031231605914339062,0.0013467716724574652,0.0010479131751072613,0.00036668571330524284,0.0005099457509691483,0.0009650968897072952,0.0006393953790356736,0.002152588372115494,0.0009430095950161742,0.0005550014930038685,0.0008107079446825882
11.0,15.373934388776116,1.0,4.0,4.862881554358459,4.909762853112408,2.0,2.202904943405683,2.298035339171494,4.0,4.521496326624456,4.604393818967797,6.244247951788685,6.3960154644566485,6.432326591950395,8.140906055961505,8.193122423386514,10.00628169033798,0.0798781378630003,0.052542439521105586,0.000210155884223275,0.00018076206924223424,0.04694552758145043,0.00022723320847008876,0.001990462505146111,0.0004913772899157876,0.0002122299707459544,7.977903348159405e-05,3.466850570346238e-05,9.145127457227354e-05,0.004552275971592594,0.0003812206722352846,0.0003852013088484661,0.0012087735135268278
37.0,15.075802462029074,1.0,4.0,4.005009597702825,4.288381708166725,2.0,2.1406576114140647,2.409763686698276,4.0,4.08743806357543,5.280112000079505,6.096093420949237,6.326220580109174,6.4128338741236846,8.066885694839206,8.26632324111983,10.072798884349616,0.07989325456324518,0.00847145331746718,0.04606500945928427,0.0009207049831523298,0.00034153567251271974,0.04745667785187752,0.0007226625615858544,3.051870922213104e-05,8.866773084411594e-05,0.0028239125758040074,0.0023784308049267697,0.0006661301988382729,0.002620263671214994,0.0012213167326545588,0.0003562134317313313,0.0014284340122416965
25.0,15.020987614743644,1.0,4.0,4.38616434119378,4.527572792517954,2.0,2.2813859445412765,3.1980479840081255,4.0,4.285004665508626,4.422958521574873,6.085267541377898,6.586252822125268,6.612941795979155,8.13724022389548,8.315485266559108,10.036261457676497,0.09767237113778549,0.009481814723445649,0.03602982681885974,0.0002721800009194993,0.03320974433001682,0.00838261962770859,0.00020427566032457943,1.7741098119909267e-05,0.00047929335046596007,9.524646076825785e-05,0.0003469994378270575,0.0016476433850125382,0.0007847159199974839,0.00040609602050931885,3.708119180390919e-05,0.0005809373608312625
9.0,14.94705110151028,1.0,4.0,4.000229292997815,5.535966988347303,2.0,5.12564619591591,5.578377368997321,4.0,6.0304124393893845,6.4753860462269035,6.53793769077569,6.660520511307839,6.698561519211631,8.204139413415078,8.206750381233535,10.020147579915943,0.05824437309740429,0.0038173972982362245,0.059608296668412816,4.313876052520709e-06,0.051835469295571104,1.0368561942079238e-06,2.5414493175795416e-06,1.1554798526269259e-06,3.361267814974697e-06,0.0033667126981797393,0.001333275798159086,0.0013317976166025854,0.0024485031848101896,9.234831875237797e-05,0.0018689763102192072,0.0013260281214371062
7.0,14.888644282584712,1.0,4.0,4.0,4.043789949821521,2.0,2.0912271116320187,2.405317622572585,4.0,4.012439257438447,4.098537513456469,6.232624482400923,6.28248960171707,6.446003868084787,8.213815651156935,8.229657883601396,10.039497849854936,0.08156176759136481,0.030492718823573833,0.0004976790682706283,0.022861061373802224,0.018119805866307306,0.008409053402298415,0.01509226891968268,0.000851261762948968,3.0760436764656137e-05,0.00046746603137347385,0.0015086419618877988,0.00058039390779568,0.001329170811337043,2.267547227820699e-05,0.0005073826501708972,0.0006684926468428281
24.0,14.760129014198109,1.0,4.0,5.778240059333114,5.787986885476399,2.0,2.2965569747496,5.141395862708704,4.0,5.279310098640783,5.967035639973146,6.598407059446727,6.623309838566771,7.056436493326154,8.1756865760746,8.390682504104328,10.056603494789245,0.06211705276920703,0.062462288922892746,5.8529702334984073e-08,6.397481541756407e-06,0.04421606680309055,0.004058729852249182,3.2578061338787146e-06,9.154774576375382e-07,3.6981372154429654e-07,0.003111172094341411,0.0009949019463212701,0.0027107935199030707,0.00038803822681004714,0.001557311941448421,1.2310745594419205e-05,0.0010478441937756295
16.0,14.680728481800825,1.0,4.0,5.114787861852705,5.539047048308395,2.0,2.6459989167269744,2.727302310644504,4.0,4.967279662339192,5.130434700802103,6.463317550225477,6.524033500144765,6.6897514875329245,8.136582670816152,8.182387260785806,10.063199014190273,0.08754980852302355,0.05417714174636936,0.0008701574550938013,7.664844362681981e-05,0.010941545526470257,0.026128964100980808,0.0012170174142367746,3.780619993139545e-05,0.0007910598381955813,0.0014572051205181324,0.0019418797995958059,0.0009266863802347609,0.0008023757027101952,0.0006609343758189707,0.00019675454601633148,0.0008311986738185125
35.0,14.579737111582379,1.0,4.0,5.095750170249767,6.181849337935927,2.0,2.966503180826999,2.966503180826999,4.0,4.5111422202030935,5.230146027032401,7.024968109626621,7.169728338913026,7.3235950911815,8.09975182179687,8.129440177867775,10.01850984550458,0.09554340791891047,0.05081377490232689,0.0005797421566235107,4.45511472453365e-05,0.01444959760230226,0.0008669465382965387,0.023052649724855497,0.000585482951724084,0.0007613488706031509,0.0006098271853684282,0.002932206510455332,0.0006751652478029593,0.00041083970552611873,0.00032567665762476574,0.0005629218701659558,0.0013775254722752214
8.0,14.512246101147658,1.0,4.0,4.0,4.4120948038875305,2.0,3.6472580400948216,4.142838597533885,4.0,5.094187529645913,5.290036892136676,6.250130534589413,6.721522660849642,7.191092713529998,8.014046806715829,8.31767694937808,10.036619968356682,0.06458145380161494,0.0076822519502507,0.05223190224533253,9.94170894096827e-05,0.05048476129105305,0.0001773198413874152,9.120414260889361e-05,2.0779332523461242e-05,0.000930120038964601,0.0016839277222686487,0.000634732667586168,0.003704981738787334,0.00027012758206394793,0.0014152494980322053,1.4112207393252504e-05,0.0012115243957053015
0.0,14.471913012694184,1.0,4.0,4.08357679918718,4.297998545703678,2.0,3.2693095989213896,3.280352316288103,4.0,4.2257612173390875,5.236318768754663,6.305973270697124,6.836356831047209,6.948114622829823,8.195475562649854,8.247349764825792,10.016671652777845,0.10059926501930926,0.05456986813287822,0.00011634657822393045,0.0010617462731193788,0.011287518702546321,0.0009125632478579044,0.020340351921755123,4.5921134665797986e-05,0.0003715521927713315,0.0047238338129135405,0.0005554920833057024,0.0010453633269197546,0.0024858154606953497,0.000878686789702371,0.0011703992172605881,0.0011191137250879965
10.0,13.765360142922729,1.0,4.0,4.214038401067779,4.6046268125963135,2.0,2.053181532880119,2.1146012751572623,4.0,4.247184949866114,4.684270347974445,6.478762702023769,6.526788238636488,6.537681776807142,8.043489778393631,8.111907008054958,10.075544356648408,0.07415436370867223,0.02104028596486055,0.028985809045983624,0.002178588827502329,0.0001454786590104715,0.045269330276076165,0.006456933876199539,0.000443814227265791,0.0004592711567082466,0.0005136149849693618,0.0013441383790484662,0.0009854739201318398,0.003500714673966537,0.00010664536971047093,0.0010492903120512466,0.0014962156109798465
41.0,13.759865353981677,1.0,4.0,4.0183697411565324,4.4414077945462775,2.0,2.24805409914455,3.8069105186935945,4.0,4.092387095424769,4.406156744646096,6.216312316325312,6.520227504395341,7.310262854667538,8.05329398657026,8.139670223093004,10.015648452582495,0.08045760438932142,0.008249955944793056,0.02626398337926425,0.01670951290203459,0.04929914545646339,0.005158789927864889,0.0005038756159819958,0.00010084231072448101,0.002066506283556304,0.00017741760942688447,6.717396794756858e-05,0.004496564898927583,0.0019394917469925574,0.0008488703627261724,0.0004926966887484579,0.0017707905800938514
40.0,13.597895310853914,1.0,4.0,4.661489747992254,4.873356075586047,2.0,2.163802672835991,2.637111289591192,4.0,4.41357946097866,5.264576360717476,6.263171106951075,6.53171895238336,6.588853967099501,8.193886521006588,8.225278704913512,10.032560327834984,0.07064188991150479,0.05460572734122372,0.002157431365624246,0.0004927038785181884,0.04409000967050215,0.014124199414137988,0.00028247291587947694,0.00045736062523245476,0.00127726461858973,0.002957063266198345,0.00728923075779949,0.00029542888641576287,0.0005961808736778438,0.0009545360581294189,0.0014376836199940818,0.0020472359932151678
4.0,13.51167296454471,1.0,4.0,4.009115637054534,4.5162924997175065,2.0,2.844461151920194,3.836407665013761,4.0,4.250465037592278,4.907935034318133,6.520735663026831,6.565913957766252,6.565913957766252,8.032092173907559,8.113487065212407,10.013390807929795,0.056142179405911236,0.048891848153658136,0.008092700149073987,0.0026821285766732046,0.05310582688024893,0.0006256365579805042,0.0003161547925058335,0.000397598082578733,2.1510346047174587e-05,0.0009038881197302256,0.002148788171662396,0.0018717114686268327,0.0013814206052088244,0.0006020956162046134,0.000485963121066186,0.001555423877270448
1.0,13.369673022655155,1.0,4.0,4.0,4.247607431550691,2.0,2.677572965647542,3.545589278434534,4.0,4.001587565934026,4.443035835497764,6.49866653200943,6.752343402700165,6.810113725586035,8.567095715123589,8.568152332158151,10.02977652807442,0.07653983747495363,0.0008970833720116555,0.05663988244580663,0.00046112157389657056,0.0017455162201624446,0.03560060662376669,2.806431773354486e-05,0.00011612611232823198,0.00042472747116562834,0.0010300354928580527,0.0018569773852508047,0.0009285060532590538,0.0007765136242473947,0.00047572829846358384,2.6523670446292806e-05,0.0009752528036750351
30.0,13.260891450937274,1.0,4.0,4.0,4.8678902697684805,2.0,2.9130484002258843,3.037429226875851,4.0,5.170956725737296,5.204474255356656,6.588622652591032,6.611098027641043,6.611098027641043,8.142793019506128,8.453314814994755,10.11414787441192,0.07763512395605983,0.002372450976782549,0.05780317859961623,0.0001785919889166233,0.005812900213471244,0.007958361300680701,0.020023224484053564,3.68918373241564e-05,0.00010807214016851305,0.002038816888755352,0.00016176787287991814,5.635007720228573e-05,0.0024743844366794353,0.0003419562584178465,0.0001673274656997369,0.0007381390068100196
43.0,12.983516266639924,1.0,4.0,4.129396558439637,4.382463640369899,2.0,2.1181515718547974,2.2384673861902606,4.0,4.511834749227893,5.241006216268211,6.406384854391363,6.474206819489164,6.522434073477226,8.388827998305729,8.392917562747963,10.021263718375382,0.04405190081198018,0.06532213184985138,8.223037235895272e-05,3.929052952015736e-05,0.0370462607765673,0.01654175737061848,0.0008630310615113218,3.672599756524895e-06,3.7526876890319044e-05,0.0021745376921536706,0.00011746968430934737,0.005250180514037483,0.00016063641087891983,0.000770823282676343,0.0005084722326327277,0.0015222981068578555
42.0,12.756448637360053,1.0,4.0,4.564529387017666,5.903438475353577,2.0,2.159522586329781,2.839428690104337,4.0,4.2862459613150286,4.468290078834245,6.051196148227326,6.292524110135054,6.436624640331877,8.13934580759198,8.176754509733444,10.001612682683385,0.07062310328282538,0.02878534587840206,0.022481821595400298,0.000592088856106356,0.025727547456756854,0.021432030359855764,0.0031058801235538877,6.903512679512627e-05,4.731995287119761e-05,0.00019274135059250746,0.005546523038585787,9.307987826333025e-05,1.9829970886326253e-05,0.0003630586167873393,0.00035283122007912453,0.0013825713191715652
27.0,12.669749068259478,1.0,4.0,4.010478244039697,4.247838598455078,2.0,2.178274078927212,2.2834569710570998,4.0,4.256200470156244,4.5324658821979735,6.013941797661911,7.080197385371497,7.087923291037221,8.053920353099558,8.428772103816412,10.020986274994188,0.05606814959915091,0.017578203620362096,0.042744302322169345,0.0017834315516028199,0.001189210452702398,0.0018092811373269272,0.04370181551987365,0.00019188717050116122,0.0002099004882573211,0.0014931264771557956,0.0001793867020363339,0.002810923383491062,0.001264562450919228,0.00014599745213000838,0.0006650133641436687,0.0011894251258559036
33.0,11.885725963338713,1.0,4.0,4.037660753395198,4.040557117781716,2.0,2.0137632795931966,2.958371957215323,4.0,4.561874312794824,4.747722841951196,6.535480819095016,6.535480819095016,6.850385915237698,8.274660844545629,8.274660844545629,10.010226800500966,0.03424168700648979,0.005000080951305328,0.007831770001601231,0.05502436232746316,0.06063483518384066,0.00036242937181626213,1.45688570518961e-05,2.4089767029839765e-05,0.0012665128552483166,0.0019431286380829343,0.001354962986567203,0.0008915168453809406,0.004621373458648117,0.0008480500044435419,0.0009416752482725687,0.002012327657126446
28.0,11.798218493210875,1.0,4.0,4.036080860245714,4.036080860245714,2.0,2.884343565477886,2.9326728480207316,4.0,4.227778671451791,4.343649336180029,6.048005126097279,6.258891279642913,6.270025938545042,8.129677463256888,8.252471194761272,10.011939670183406,0.03629472183317164,0.012189988316258055,0.0020446519783724392,0.05311634630345361,0.03619643932084374,0.0017361036965413239,0.009641939762360139,0.00037241971347402826,6.346158787995764e-05,2.407337492794974e-06,1.663291870516501e-05,0.0029039344145159953,0.0006906450519033398,0.00046385521028748745,6.17971124583629e-05,0.0008070735165916721
34.0,11.422374153152209,1.0,4.0,4.073002877160528,4.962423547445121,2.0,3.1466869941384883,3.5496557899733183,4.0,4.419453275049224,4.614457767948834,6.214499938730546,6.29411181906821,6.603439742964905,8.0975802528133,8.15885876667703,10.032803963658072,0.04463818080830364,0.03664011104910172,0.02925832442592961,0.0010731018978657253,0.026906547916717503,0.017783471164953598,0.0016176891037539543,0.00014711306203645408,0.0005344766777801363,0.001125459911602092,0.001604801929657135,0.000389327204577916,0.0029684693722725106,0.00038935909937495416,0.0005114427612400729,0.0012260891898080077
