60.0,585.734058490581,0.0005263615273369212,0.9954581260552763,0.2769413429741505,0.0015606282800713534,1.732947119137407e-11,1.4661382928361777e-05,1.6702278422433325,3.127846277541474,3.2228938289425497,4.407035545356356,4.559164233380361,4.538908388495683,5.161911421703339,4.705712530957138,5.682681998189183,5.532468508571314,0.29416963187166484,0.0001807120617575297,0.18739995335291018,0.03929885880460476,0.0008357134263201308,0.0010222895391620256,0.00018754261800100496,0.0007878268101243741,0.028040857624147937,6.723188820922203e-05
131.0,565.8719881056938,0.0005129406644801482,0.9857091728413847,0.2756140307497127,0.0016238304574798174,4.3575898445169514e-10,1.4291791885154281e-05,1.6702278422433325,3.127846277541474,3.2228938289425497,4.407035545356356,4.559164233380361,4.538908388495683,5.161911421703339,4.705712530957138,5.682681998189183,5.532468508571314,0.29416568593836634,0.0005686033719746904,0.18720516112512856,0.03580705782415129,0.00010072766034909378,0.005222145796828168,3.5862078714521537e-06,0.0006132011323249368,0.025204722224661608,0.002993200146315649
141.0,557.4583969837025,0.0005048804571714627,0.9599103249400336,0.2676945579408939,0.0016520313570403706,8.130046635912436e-10,1.410114765268422e-05,1.6702278422433325,3.127846277541474,3.2228938289425497,4.407035545356356,4.559164233380361,4.538908388495683,5.161911421703339,4.705712530957138,5.682681998189183,5.532468508571314,0.29416331611753205,0.0015950878257403225,0.18604292384373894,0.03859260762748222,0.0005462844924420059,0.001493705702666991,9.119717362808447e-05,0.0007034101455784075,0.022928447862956346,0.005629216298136317
1.0,549.6859685330644,0.0003919495549089806,0.644318499759878,0.17357999862314719,0.0017043156631200529,2.451901848221638e-09,1.1245296683587425e-05,1.6702278422433325,3.127846277541474,3.2228938289425497,4.407035545356356,4.559164233380361,4.538908388495683,5.161911421703339,4.705712530957138,5.682681998189183,5.532468508571314,0.29413011275256046,0.01415185406280886,0.17223096284567416,0.03992555267265583,0.000254645071675728,0.0026291321981431756,1.8505203081132334e-05,0.0013561502764227495,0.026991478200812862,0.0003069638702074111
80.0,549.1504521277701,0.0005046622722600627,0.9945214539381245,0.280271288841748,0.0016784326417798481,1.827613449467691e-09,1.4073433036256022e-05,1.6702278422433325,3.127846277541474,3.2228938289425497,4.407035545356356,4.559164233380361,4.538908388495683,5.161911421703339,4.705712530957138,5.682681998189183,5.532468508571314,0.29416325196792287,0.00021798036808688798,0.1878886458865876,0.032117672120378346,0.004959058480207288,0.0031290496254218563,4.117177293116191e-06,0.001380443649213188,0.02394885946147924,0.0038831288947930353
20.0,548.0662129314679,0.0005050596098844435,0.9738794563738343,0.27376421381155136,0.0016816163189379992,1.045742381577952e-09,1.4193499722058023e-05,1.6702278422433325,3.127846277541474,3.2228938289425497,4.407035545356356,4.559164233380361,4.538908388495683,5.161911421703339,4.705712530957138,5.682681998189183,5.532468508571314,0.29416336879109434,0.0010392840819361516,0.18693368772517155,0.03147093402306938,0.009590394313296025,2.605930933174215e-05,0.0012249264731776005,0.00044024210526701925,0.025599983532907867,0.0009517961530588254
83.0,547.9020421611998,0.0005216425229845158,0.996584419423428,0.27890652671209715,0.001675459869659897,3.4470820642340527e-09,1.462368204280945e-05,1.6702278422433325,3.127846277541474,3.2228938289425497,4.407035545356356,4.559164233380361,4.538908388495683,5.161911421703339,4.705712530957138,5.682681998189183,5.532468508571314,0.2941682444141959,0.00013589910587640964,0.18768835762680058,0.0370942156692284,0.0011306000533039184,0.0015871943358268643,3.86000370484504e-05,0.0011404744805781793,0.021269661504705408,0.007179942062112905
32.0,545.5716173340113,0.0004568346490344275,0.8188907772855011,0.22646777085605796,0.0017027623372586188,1.3416345812089503e-10,1.3004342545940017e-05,1.6702278422433325,3.127846277541474,3.2228938289425497,4.407035545356356,4.559164233380361,4.538908388495683,5.161911421703339,4.705712530957138,5.682681998189183,5.532468508571314,0.29414918993531824,0.007205973005495152,0.17999260836206296,0.03324657116674639,0.00018775055153268436,0.009223157833332506,0.0003713738569504068,0.00018459870668853648,0.025485492285962637,0.0014852474770219177
5.0,538.4401623524889,0.00048704899700177613,0.9902427636848321,0.2810141681365287,0.0017215182748024215,5.163219851667122e-10,1.351819890460515e-05,1.6702278422433325,3.127846277541474,3.2228938289425497,4.407035545356356,4.559164233380361,4.538908388495683,5.161911421703339,4.705712530957138,5.682681998189183,5.532468508571314,0.2941580734030214,0.00038822087821653356,0.18799766854918265,0.027855421967866004,0.005997021124588833,0.006242892332800386,9.924404863322599e-05,0.0016511471349542428,0.02362487837187576,0.003774024281201197
25.0,537.6322830953651,0.0004404251764623653,0.8399826730574975,0.23527931216459302,0.0017361325684448446,6.467215651895231e-12,1.238683177718497e-05,1.6702278422433325,3.127846277541474,3.2228938289425497,4.407035545356356,4.559164233380361,4.538908388495683,5.161911421703339,4.705712530957138,5.682681998189183,5.532468508571314,0.2941443653063116,0.006366768743615471,0.1812857628513214,0.03267585780667721,0.0012085152419180189,0.0035863453251906785,4.755015625097577e-05,0.006014683809807559,0.02604062719243644,0.0004324423215452804
45.0,532.4531165130775,0.0004760533672798512,0.9983983209622259,0.28596760178353847,0.001744748505915463,1.2209354638414993e-09,1.3213018652556696e-05,1.6702278422433325,3.127846277541474,3.2228938289425497,4.407035545356356,4.559164233380361,4.538908388495683,5.161911421703339,4.705712530957138,5.682681998189183,5.532468508571314,0.2941548405243369,6.372759894100744e-05,0.18872461911703278,0.019815678388859528,0.018041769685929715,0.0035760283935647934,4.128275062613689e-05,0.0009820229670039092,0.026214959974045375,0.0001420536181538225
17.0,525.4079671300798,0.0004833166219787847,0.9996187763505627,0.2856227691758665,0.0017684553268802552,1.368287150249614e-10,1.3469074561817118e-05,1.6702278422433325,3.127846277541474,3.2228938289425497,4.407035545356356,4.559164233380361,4.538908388495683,5.161911421703339,4.705712530957138,5.682681998189183,5.532468508571314,0.29415697602925023,1.5168124989589338e-05,0.18867401255241034,0.025881775344872404,0.0007664413858803185,0.006820183362603855,0.00034410228454605186,0.00915233849706113,0.024803298296494705,0.0008626089117652015
53.0,525.356426008195,0.00025191891071653117,0.25420965746358065,0.0571138656868043,0.001825338391202259,1.0810496942070813e-09,7.705018561648957e-06,1.6702278422433325,3.127846277541474,3.2228938289425497,4.407035545356356,4.559164233380361,4.538908388495683,5.161911421703339,4.705712530957138,5.682681998189183,5.532468508571314,0.29408894166038657,0.029673503069185144,0.15513875418663764,0.044773607596471574,6.205786646814224e-05,0.0009555626077341576,8.748474750707892e-05,0.0004443903980538233,0.026930921715361007,1.0437856341254304e-05
115.0,524.8712897573582,0.0002905092464354111,0.3908099022971215,0.09922134377405084,0.0018187789992055226,2.8626839787548874e-10,8.61637276085292e-06,1.6702278422433325,3.127846277541474,3.2228938289425497,4.407035545356356,4.559164233380361,4.538908388495683,5.161911421703339,4.705712530957138,5.682681998189183,5.532468508571314,0.29410028779307107,0.02423845309182294,0.16131831714994474,0.04078672091081049,0.0037636485258089217,0.0007005474930268164,6.435212981821141e-05,1.6630273889215925e-05,0.025920212911215035,0.0012571041987797535
142.0,523.7717346661783,0.0005076233987842499,0.9920316035518173,0.27994900835574166,0.001765883092429586,6.154619036635722e-10,1.4273009206811071e-05,1.6702278422433325,3.127846277541474,3.2228938289425497,4.407035545356356,4.559164233380361,4.538908388495683,5.161911421703339,4.705712530957138,5.682681998189183,5.532468508571314,0.29416412258316404,0.00031704652497573197,0.18784134900143587,0.03154434886546531,0.003707363919535158,0.0035340818687451593,0.0006711607245090147,0.00211712810869974,0.02007569453386875,0.0071753801134504455
3.0,521.5312629427092,0.00039656645412774577,0.7389385459880002,0.207054258570736,0.001803535417455332,7.49857176352009e-10,1.1314532072238814e-05,1.6702278422433325,3.127846277541474,3.2228938289425497,4.407035545356356,4.559164233380361,4.538908388495683,5.161911421703339,4.705712530957138,5.682681998189183,5.532468508571314,0.2941314701896014,0.010387112054206737,0.17714354147523798,0.025003346022974125,0.018453114931765897,0.00030765476146916467,7.102952543783212e-05,3.980785725767059e-05,0.026182516577628004,2.7732358352424715e-05
133.0,520.8670400095531,0.0004634679026260664,0.9976173107131868,0.2875143149665068,0.0017913749948818157,1.7284074171897146e-10,1.283279161262002e-05,1.6702278422433325,3.127846277541474,3.2228938289425497,4.407035545356356,4.559164233380361,4.538908388495683,5.161911421703339,4.705712530957138,5.682681998189183,5.532468508571314,0.29415114021053557,9.480243150468333e-05,0.18895160994941002,0.01574960811037151,0.019180566881200806,0.005738092638601747,0.00020365956385321566,0.002031311292973542,0.025565849080662045,1.804892617852954e-05
42.0,520.3200987728749,0.0004507962627867998,0.8907834450702828,0.25264459982441156,0.0017914626477723273,3.3014129763309086e-09,1.2712979335846586e-05,1.6702278422433325,3.127846277541474,3.2228938289425497,4.407035545356356,4.559164233380361,4.538908388495683,5.161911421703339,4.705712530957138,5.682681998189183,5.532468508571314,0.294147414559948,0.0043455078365466065,0.18383423864100043,0.02369219710634514,0.017416453918709336,0.0006561470609533428,0.0016248425953983685,0.0004428938342606937,0.025109152368009723,0.00017300696594257985
58.0,518.7252639239549,0.0005085214126250938,0.9933876712113993,0.2794899761126422,0.001785191226431349,1.8159046488719355e-10,1.424299518283656e-05,1.6702278422433325,3.127846277541474,3.2228938289425497,4.407035545356356,4.559164233380361,4.538908388495683,5.161911421703339,4.705712530957138,5.682681998189183,5.532468508571314,0.2941643866125901,0.0002630913105360055,0.18777398285230332,0.03748740473983595,0.0004767151647787847,0.0013096809953856985,0.00020602626634555785,8.816486468385706e-05,0.014193342263814137,0.015286841810274865
125.0,513.8476800783334,0.00026457200582899037,0.34838391139175406,0.08817836558746993,0.0018604779832731416,6.50118575640235e-09,7.912283506543438e-06,1.6702278422433325,3.127846277541474,3.2228938289425497,4.407035545356356,4.559164233380361,4.538908388495683,5.161911421703339,4.705712530957138,5.682681998189183,5.532468508571314,0.29409266185854865,0.025926498242772537,0.15969768390126124,0.036895590629070045,0.007863821332424501,0.0010193674147950197,8.992782681073554e-05,6.656971000755289e-05,0.026529998991754,2.4566531275652413e-05
16.0,510.4993474806119,0.00024025802607628618,0.27336662102826925,0.0656675668013089,0.0018851226191043998,3.904816470168271e-10,7.335326202680126e-06,1.6702278422433325,3.127846277541474,3.2228938289425497,4.407035545356356,4.559164233380361,4.538908388495683,5.161911421703339,4.705712530957138,5.682681998189183,5.532468508571314,0.2940855131868612,0.02891128588197975,0.1563940688482488,0.03781489213215508,0.006383174701087635,0.001923034451705269,0.00010179630625820322,5.6328564278231346e-05,0.026477158384406535,2.42313877128074e-05
86.0,510.1880943680455,0.0004757897713487423,0.9975335684326403,0.28577916052061714,0.0018266133377234852,1.0390604487930943e-09,1.3240902042799263e-05,1.6702278422433325,3.127846277541474,3.2228938289425497,4.407035545356356,4.559164233380361,4.538908388495683,5.161911421703339,4.705712530957138,5.682681998189183,5.532468508571314,0.2941547630232125,9.813436901726441e-05,0.18869696406139885,0.02366256323879474,0.015058030687804922,0.0007995472158775321,2.1165046961952398e-05,0.0015825621849271717,0.019250226523582627,0.008078139569167185
9.0,509.656776660901,0.0004646338566074417,0.994030270175774,0.286491598325149,0.001832466011242359,3.7084907367201936e-10,1.2926792430326128e-05,1.6702278422433325,3.127846277541474,3.2228938289425497,4.407035545356356,4.559164233380361,4.538908388495683,5.161911421703339,4.705712530957138,5.682681998189183,5.532468508571314,0.2941514830183482,0.00023752358559500923,0.18880151922524463,0.01720975815368391,0.014237399041604065,0.007911000109712166,5.721536299859036e-05,0.002586095667566836,0.022426653228109442,0.003917582671361936
72.0,509.4103614538625,0.0004950180090944955,0.9894733853018783,0.2806476380513188,0.0018226082528687948,1.558823292668876e-09,1.3888683021372195e-05,1.6702278422433325,3.127846277541474,3.2228938289425497,4.407035545356356,4.559164233380361,4.538908388495683,5.161911421703339,4.705712530957138,5.682681998189183,5.532468508571314,0.2941604164111058,0.0004188329021404421,0.18794387773001253,0.029092392918487302,0.0013673552304093095,0.00954288883631012,0.00011681712722508755,2.2466825935570728e-05,0.015601599968525252,0.012882942048787129
7.0,509.2459247209768,0.0002524805384237409,0.29406931927089375,0.07139914987351793,0.0018851779186624747,1.509642189034821e-09,7.700022034755338e-06,1.6702278422433325,3.127846277541474,3.2228938289425497,4.407035545356356,4.559164233380361,4.538908388495683,5.161911421703339,4.705712530957138,5.682681998189183,5.532468508571314,0.294089106787286,0.028087567009791578,0.1572352182137072,0.03932531660181958,0.005124399814209473,0.0003177757361723918,4.311838705050904e-05,0.0013239464909151548,0.025631808463434623,0.0007286788677346664
112.0,506.3017841553533,0.0003514631770279762,0.6416703510909869,0.17952178643012262,0.0018694193602095813,4.346670856580914e-09,1.0134057786721773e-05,1.6702278422433325,3.127846277541474,3.2228938289425497,4.407035545356356,4.559164233380361,4.538908388495683,5.161911421703339,4.705712530957138,5.682681998189183,5.532468508571314,0.29411820915527903,0.014257218591111478,0.17310296120643412,0.022435849731941324,0.016750119897881357,0.005129801399008501,0.00012594770351974556,0.0001269010271184469,0.025297756596132013,0.0002605835323476424
76.0,505.48073353811805,0.00023550665974346192,0.24416744695632353,0.05673734821716061,0.0019053081217670375,9.692247004977617e-14,7.300654911675253e-06,1.6702278422433325,3.127846277541474,3.2228938289425497,4.407035545356356,4.559164233380361,4.538908388495683,5.161911421703339,4.705712530957138,5.682681998189183,5.532468508571314,0.2940841162144887,0.030073062499379757,0.15508349764988597,0.03645475552830734,0.0008427959501269826,0.009107337935172434,1.298190486243169e-05,3.1657757704524326e-05,0.025643044578979327,0.0005738646016608041
97.0,505.31218865118865,0.0004648707274868167,0.9957381030798105,0.287412791838748,0.0018484526657658806,8.531099160435929e-10,1.2966885121014349e-05,1.6702278422433325,3.127846277541474,3.2228938289425497,4.407035545356356,4.559164233380361,4.538908388495683,5.161911421703339,4.705712530957138,5.682681998189183,5.532468508571314,0.2941515526619099,0.0001695723370614962,0.18893671072987192,0.013711144073645865,0.01571766407575303,0.012281208642991604,0.00036526157730438574,5.725874496744942e-05,0.021862897514968317,0.004020633814328882
106.0,504.74601854702064,0.00043862211848798576,0.9055789558712374,0.2603300335364377,0.001857074479202241,2.521455821913321e-10,1.2386780420509114e-05,1.6702278422433325,3.127846277541474,3.2228938289425497,4.407035545356356,4.559164233380361,4.538908388495683,5.161911421703339,4.705712530957138,5.682681998189183,5.532468508571314,0.2941438351804489,0.0037568241138945624,0.184962129069997,0.010136687537278283,0.001096776506956523,0.03161029315914011,9.204738586136945e-05,4.422124929482847e-05,0.023804495648875504,0.0015702065379480357
114.0,493.73089334760886,0.0002515480316732516,0.3679832853196175,0.09757495670386433,0.0019485401603063343,1.3687838640308314e-09,7.548588826511438e-06,1.6702278422433325,3.127846277541474,3.2228938289425497,4.407035545356356,4.559164233380361,4.538908388495683,5.161911421703339,4.705712530957138,5.682681998189183,5.532468508571314,0.2940888326164315,0.025146678433864027,0.16107669848683906,0.026713409598923623,0.0041415471588203585,0.014699733920799827,0.0006712071773346595,1.8109349646647107e-05,0.02532239725484678,7.370508234183887e-05
87.0,492.5036982370946,0.00037055625940870455,0.725134092257702,0.2055373019106848,0.001924435538111731,6.588791179318321e-10,1.053471887511176e-05,1.6702278422433325,3.127846277541474,3.2228938289425497,4.407035545356356,4.559164233380361,4.538908388495683,5.161911421703339,4.705712530957138,5.682681998189183,5.532468508571314,0.29412382280548477,0.010936363602223966,0.1769209176179276,0.02232010447033421,0.0036621084341007418,0.015450882317597817,6.918748274524082e-05,0.0014099638836754095,0.019752047704222186,0.006959729302564761
99.0,491.63085432787875,0.00043412504780141495,0.989321871633561,0.289283985170545,0.0019133230793021208,5.747791687049641e-10,1.2014860382277004e-05,1.6702278422433325,3.127846277541474,3.2228938289425497,4.407035545356356,4.559164233380361,4.538908388495683,5.161911421703339,4.705712530957138,5.682681998189183,5.532468508571314,0.2941425129747787,0.00042486132734978954,0.18921132126309836,0.006588811669963766,0.02310053875708107,0.010489680928096623,0.00037922578285865064,0.002297733341860761,0.022883838442775035,0.0019545337677272295
26.0,488.99957968874673,0.00013786430164974914,0.019387953154190483,0.021890344333133294,0.001996932224945125,1.6556672699508113e-10,4.7893741115107025e-06,1.6702278422433325,3.127846277541474,3.2228938289425497,4.407035545356356,4.559164233380361,4.538908388495683,5.161911421703339,4.705712530957138,5.682681998189183,5.532468508571314,0.2940554079089008,0.04055940367065572,0.143544341213888,0.04397826154211638,0.0004836096821957496,0.00020199940329056383,1.8788792226562533e-05,0.0032493631196604373,0.025407298286362665,0.0006169256500609733
77.0,487.84891059247843,8.576882909524178e-05,0.2054746211298096,0.07943610114952264,0.002011663550845959,2.711657565157566e-09,3.5439761526048774e-06,1.6702278422433325,3.127846277541474,3.2228938289425497,4.407035545356356,4.559164233380361,4.538908388495683,5.161911421703339,4.705712530957138,5.682681998189183,5.532468508571314,0.29404009106511453,0.04796341924764654,0.13509910431840785,0.04798979375598529,0.0002752785166213738,0.0003362890015008151,7.101553315915356e-05,0.00030399810625208725,0.02612904981989299,7.85751585195193e-07
75.0,487.7650007790184,0.00011856098925580292,0.08591744852486655,0.04241112874425487,0.002006778951213697,1.590600984258117e-10,4.322958661491516e-06,1.6702278422433325,3.127846277541474,3.2228938289425497,4.407035545356356,4.559164233380361,4.538908388495683,5.161911421703339,4.705712530957138,5.682681998189183,5.532468508571314,0.29404973244794425,0.043206478957738416,0.14053277450209806,0.04528884273769526,0.0004364625007555645,0.0011545888365401427,0.00014874615362181986,0.001034891581308683,0.025070211402893738,0.001238261707465074
39.0,487.58826491378113,0.00024911713428243276,0.3910311706619194,0.10586392437706954,0.001975293564877397,1.372681801559139e-09,7.4244474432896834e-06,1.6702278422433325,3.127846277541474,3.2228938289425497,4.407035545356356,4.559164233380361,4.538908388495683,5.161911421703339,4.705712530957138,5.682681998189183,5.532468508571314,0.294088117896442,0.024229649267038064,0.1622931616892008,0.02511764460441362,0.012908045980087768,0.006418323397150611,6.777568164336457e-06,0.001332087533888967,0.02460325816918164,0.0010069915766611484
30.0,486.9361225097848,0.00043314576511013797,0.9280307921890838,0.2681275138406352,0.001931945014249293,4.168321243724904e-10,1.212956125262038e-05,1.6702278422433325,3.127846277541474,3.2228938289425497,4.407035545356356,4.559164233380361,4.538908388495683,5.161911421703339,4.705712530957138,5.682681998189183,5.532468508571314,0.2941422250511019,0.0028635105431923193,0.18610646310954923,0.015737509207230185,0.017026038864562616,0.008215965845931759,0.0003549938257104517,0.0002731309151574028,0.017721298039123326,0.008827232102498346
44.0,481.5723771995003,0.00030977018548011907,0.6166191429447913,0.17699716822419764,0.001986985767097585,1.53858259466233e-10,8.939143694208784e-06,1.6702278422433325,3.127846277541474,3.2228938289425497,4.407035545356356,4.559164233380361,4.538908388495683,5.161911421703339,4.705712530957138,5.682681998189183,5.532468508571314,0.2941059507956327,0.01525395595738628,0.17273245606410526,0.008541005991170135,0.00275919945632882,0.03286505668072723,0.000247513021539147,0.0006089058956077129,0.024436579389858378,2.8310338676803346e-05
29.0,479.9277253992806,0.0004611893974223207,0.9954436294181256,0.2872213762007054,0.0019552894646987797,3.101602308319684e-11,1.2832659169521865e-05,1.6702278422433325,3.127846277541474,3.2228938289425497,4.407035545356356,4.559164233380361,4.538908388495683,5.161911421703339,4.705712530957138,5.682681998189183,5.532468508571314,0.29415047029611574,0.0001812888538966235,0.18890861916416488,0.020904633766125932,0.0032319116804405733,0.014017054153082405,6.749460267988259e-06,0.0016819688056857235,0.012170468269772177,0.015885481729931192
0.0,478.3608786059621,0.00010597560775087269,0.1223333882904186,0.05273583390519839,0.0020480731375431614,1.7233634519442376e-09,4.0675451715987965e-06,1.6702278422433325,3.127846277541474,3.2228938289425497,4.407035545356356,4.559164233380361,4.538908388495683,5.161911421703339,4.705712530957138,5.682681998189183,5.532468508571314,0.29404603215858993,0.04465539621875484,0.13901755277622233,0.0434479870723375,0.0016593695337504422,0.0019495536213988613,0.0007842671242190092,0.0009771729851855407,0.024968699225820765,0.00038876209088756496
59.0,476.48625337363535,0.0004354226524884867,0.9987057850570277,0.2929506854030523,0.001977148132803691,5.140816661253211e-10,1.2103421784016855e-05,1.6702278422433325,3.127846277541474,3.2228938289425497,4.407035545356356,4.559164233380361,4.538908388495683,5.161911421703339,4.705712530957138,5.682681998189183,5.532468508571314,0.294142894489857,5.1494218806672297e-05,0.18974943482353063,0.005827808303507549,0.029833767949981313,0.004335888042298466,0.0006568451883837526,0.0015999511617226542,0.019483249976043254,0.0055554281354842526
74.0,476.3669904469979,6.378401915085064e-05,0.23929256481615394,0.0878535002371713,0.0020692504848882037,2.2893631435039197e-10,2.9742439366861606e-06,1.6702278422433325,3.127846277541474,3.2228938289425497,4.407035545356356,4.559164233380361,4.538908388495683,5.161911421703339,4.705712530957138,5.682681998189183,5.532468508571314,0.29403362720399423,0.04930896745139157,0.13386379291976194,0.04463563383925526,0.0008174731095451124,0.003291863553938011,1.0759086749482363e-05,0.00020160324019473044,0.02487123818710049,0.0010230014253027552
129.0,474.88859095058774,0.0004379897973658815,0.9870173378598709,0.2873721360832922,0.001983652713501824,8.903345838362497e-10,1.2121400537037919e-05,1.6702278422433325,3.127846277541474,3.2228938289425497,4.407035545356356,4.559164233380361,4.538908388495683,5.161911421703339,4.705712530957138,5.682681998189183,5.532468508571314,0.294143649268634,0.0005165541076210718,0.18893074421722209,0.018718507461093697,3.102288282495911e-06,0.013074196767262833,0.0006958777671951336,0.00918110151395119,0.01607870729381465,0.009979809268544151
94.0,474.85610063938134,0.00031405924769459324,0.5759529636937254,0.1615456648468647,0.0020143901399854,3.833777184603093e-10,9.112761456236962e-06,1.6702278422433325,3.127846277541474,3.2228938289425497,4.407035545356356,4.559164233380361,4.538908388495683,5.161911421703339,4.705712530957138,5.682681998189183,5.532468508571314,0.2941072118437182,0.01687198172950146,0.17046484132355633,0.024700313434831478,0.014678840752253782,0.00370191793993689,8.894543030553487e-05,1.9324142003816373e-05,0.017098916675576736,0.009822621213398042
31.0,474.47121793987367,0.0003770953188224798,0.8530853878570599,0.25035461922715063,0.002001221588023528,4.876336556769445e-10,1.059001805137072e-05,1.6702278422433325,3.127846277541474,3.2228938289425497,4.407035545356356,4.559164233380361,4.538908388495683,5.161911421703339,4.705712530957138,5.682681998189183,5.532468508571314,0.2941257453862128,0.005845437981276613,0.18349816818681164,0.007299997719685129,0.026700344877832523,0.0017999878389697553,8.942631866776265e-05,0.008273815367748577,0.023722291659693445,7.891806811716518e-05
19.0,474.00495466213766,0.00028987249466436686,0.5763722137805654,0.1657121499726365,0.0020243338567151724,1.2825987494302638e-09,8.406613363994009e-06,1.6702278422433325,3.127846277541474,3.2228938289425497,4.407035545356356,4.559164233380361,4.538908388495683,5.161911421703339,4.705712530957138,5.682681998189183,5.532468508571314,0.2941001005785795,0.016855300608777518,0.17107630176573815,0.011965524285203557,0.021620098668130052,0.008171066536628547,8.855681716006642e-06,0.003590824188384613,0.02427912696481675,1.967648879869671e-06
98.0,473.388119074425,1.0822258429244378e-05,0.3766534685505963,0.12924999035209703,0.0020966819834995743,5.329083285765535e-10,1.5216662126379954e-06,1.6702278422433325,3.127846277541474,3.2228938289425497,4.407035545356356,4.559164233380361,4.538908388495683,5.161911421703339,4.705712530957138,5.682681998189183,5.532468508571314,0.2940180556586019,0.054774282521961794,0.1277885723474194,0.048627712447755884,0.00030842686630493604,0.0007519200540641294,7.938866027927693e-06,9.086731244783533e-05,0.02547829256964509,0.000647321124895612
96.0,473.0616385790332,2.9086175950913848e-05,0.3428431651237982,0.11920472619589331,0.002091825195437301,1.1034658187192292e-09,2.096077396381013e-06,1.6702278422433325,3.127846277541474,3.2228938289425497,4.407035545356356,4.559164233380361,4.538908388495683,5.161911421703339,4.705712530957138,5.682681998189183,5.532468508571314,0.2940234255220063,0.05342903830883204,0.1292627841776243,0.046915341486017004,0.001056973088938676,0.0012793396611021513,0.00017376590150923745,0.00039955626232904094,0.025570530507837884,5.80148956502386e-05
54.0,472.17597816823104,0.0003145985559760746,0.6687783197809397,0.19481710739174277,0.002026647505945986,1.0026768304527423e-09,9.020427453716728e-06,1.6702278422433325,3.127846277541474,3.2228938289425497,4.407035545356356,4.559164233380361,4.538908388495683,5.161911421703339,4.705712530957138,5.682681998189183,5.532468508571314,0.2941073704083745,0.013178646844814818,0.17534765509977251,0.00604505310241603,0.03788048067941383,0.00048563108629032296,0.00019684204691240178,0.00018975920688471258,0.024041791466945375,7.859329984158733e-05
70.0,470.71935509506557,0.0004252498336088194,0.9874575171399327,0.29047594811696364,0.0020057871026913946,2.686365019322068e-10,1.1835233788275168e-05,1.6702278422433325,3.127846277541474,3.2228938289425497,4.407035545356356,4.559164233380361,4.538908388495683,5.161911421703339,4.705712530957138,5.682681998189183,5.532468508571314,0.29413990352979835,0.0004990402562436432,0.1893862500503808,0.014493606514925187,0.0019139074451806621,0.005909893917308436,0.00013416228674909222,0.021236017162375408,0.0220347230353912,0.00141040391158107
52.0,470.082175119662,0.0001935129094652907,0.2151133439973448,0.0521374920592511,0.0020665349151719413,1.3972223378289073e-10,6.061300064488795e-06,1.6702278422433325,3.127846277541474,3.2228938289425497,4.407035545356356,4.559164233380361,4.538908388495683,5.161911421703339,4.705712530957138,5.682681998189183,5.532468508571314,0.29407176942730223,0.031229067027936087,0.15440843701835014,0.03260498546831451,0.0011896121321594824,0.010986080256248167,0.001402956337271809,0.00019035482920858873,0.02080599385713865,0.0050998906370676115
135.0,469.74780039607776,0.0004214279684881698,0.9801681272669903,0.287847899231762,0.002011865984709233,1.8799523049395361e-10,1.1674789876375824e-05,1.6702278422433325,3.127846277541474,3.2228938289425497,4.407035545356356,4.559164233380361,4.538908388495683,5.161911421703339,4.705712530957138,5.682681998189183,5.532468508571314,0.2941387798446074,0.0007890704704075931,0.18900056574216592,0.015404914253390191,0.00279226272095977,0.00717588405707813,0.00017840654288522236,0.01744053547677933,0.019593488266859953,0.004769208572446244
148.0,469.4120662022032,0.00011027910096583306,0.02900389729529468,0.020786317302598292,0.002089384102214822,8.293916664570133e-10,4.011095237878293e-06,1.6702278422433325,3.127846277541474,3.2228938289425497,4.407035545356356,4.559164233380361,4.538908388495683,5.161911421703339,4.705712530957138,5.682681998189183,5.532468508571314,0.29404729744960423,0.04094200281643406,0.14370636479873078,0.030530831670197517,0.0052414652230558375,0.012327134015075738,1.0869789144017338e-05,4.8076687643417703e-05,0.024846137137160225,0.0003504392241037135
116.0,466.96638152442506,0.0004204654610378044,0.9181330205694886,0.26608437040610416,0.0020215794915032516,2.366689011434886e-09,1.1753560396725315e-05,1.6702278422433325,3.127846277541474,3.2228938289425497,4.407035545356356,4.559164233380361,4.538908388495683,5.161911421703339,4.705712530957138,5.682681998189183,5.532468508571314,0.2941384968531009,0.0032573230395210834,0.1858066177122402,0.021116382757921236,0.0027587190507478905,0.010407235738972294,0.00011734964647909548,0.0061902729828335265,0.012642826416791297,0.014809503125405587
134.0,464.2558035013577,0.00043615233847862776,0.9869100052759241,0.2892804458705319,0.002031732464453098,1.053563347674924e-10,1.221470997195967e-05,1.6702278422433325,3.127846277541474,3.2228938289425497,4.407035545356356,4.559164233380361,4.538908388495683,5.161911421703339,4.705712530957138,5.682681998189183,5.532468508571314,0.29414310902839125,0.0005208246560279273,0.18921080184639924,0.005741397349602497,0.02794504898090065,0.007266523615449869,7.366970011565401e-05,6.888478375177901e-05,0.015183033641551144,0.010708074643089266
34.0,462.91655943712027,0.00026545336358003535,0.4612782296011504,0.12962491607788537,0.0020803183596796128,3.7555841769787435e-10,7.952260389521015e-06,1.6702278422433325,3.127846277541474,3.2228938289425497,4.407035545356356,4.559164233380361,4.538908388495683,5.161911421703339,4.705712530957138,5.682681998189183,5.532468508571314,0.29409292099083656,0.021434659576040946,0.16578025117913825,0.0142064700983055,0.0006304379982566417,0.02906688723069323,0.00014139437884781676,0.0009665533979210028,0.020408814865443853,0.004548944711458563
108.0,460.4650898062988,2.8529429392503065e-06,0.4213571277257953,0.1418940666764832,0.0021575283899703712,1.1886107098568743e-09,1.3000295891948954e-06,1.6702278422433325,3.127846277541474,3.2228938289425497,4.407035545356356,4.559164233380361,4.538908388495683,5.161911421703339,4.705712530957138,5.682681998189183,5.532468508571314,0.294014034945998,0.056552951528626084,0.12593296689896413,0.04713119278470978,0.0008556913077695518,0.0011489565650502354,7.995492765442802e-05,0.0006446029721442664,0.02365825849503421,0.0020270945163700723
143.0,458.5743553755085,5.4241066386718894e-05,0.5639444438351354,0.18459962641839822,0.0021803038373536467,1.1389245102577661e-10,2.537104487609909e-08,1.6702278422433325,3.127846277541474,3.2228938289425497,4.407035545356356,4.559164233380361,4.538908388495683,5.161911421703339,4.705712530957138,5.682681998189183,5.532468508571314,0.29399892607337014,0.06222621507318688,0.11966563132589482,0.04861911994064953,0.0019818266677585077,7.304386628665764e-05,3.4632349926109413e-05,0.00015786854802707218,0.025471652003289554,8.674684327177409e-05
8.0,455.793509752132,0.00010615441689099952,0.03748305517721198,0.0,0.00215628716581598,9.524214750200599e-11,3.7593545190867106e-06,1.6702278422433325,3.127846277541474,3.2228938289425497,4.407035545356356,4.559164233380361,4.538908388495683,5.161911421703339,4.705712530957138,5.682681998189183,5.532468508571314,0.2940460847311367,0.03829662022600805,0.14719034712325654,0.022997225623590873,0.023905133129622443,0.0004861388692179762,7.060588557650733e-06,0.0006973088639974086,0.024217185825729515,0.00019924943854462165
68.0,453.1504120632379,0.00010236726685025011,0.030910244826612473,0.0,0.0021689866644937694,9.35271582402919e-10,3.685085586922765e-06,1.6702278422433325,3.127846277541474,3.2228938289425497,4.407035545356356,4.559164233380361,4.538908388495683,5.161911421703339,4.705712530957138,5.682681998189183,5.532468508571314,0.2940449712526956,0.03855813917709605,0.14698499549103627,0.017435083643514523,0.0021427999718275363,0.02852572329489724,1.4625743408194783e-05,3.2663909331605913e-07,0.024193431568217575,6.0920940815222135e-05
64.0,451.8095895140319,1.5573173389746918e-05,0.26530968924115805,0.09005732104988656,0.0021957024639198378,2.030422829868428e-09,1.5588882439840357e-06,1.6702278422433325,3.127846277541474,3.2228938289425497,4.407035545356356,4.559164233380361,4.538908388495683,5.161911421703339,4.705712530957138,5.682681998189183,5.532468508571314,0.2940194524982642,0.05034413669057897,0.13354036700848312,0.032039983317421625,0.012613833909187275,0.004735941145163439,1.8092032004016898e-05,0.00019462945978717799,0.024605364190106404,7.3905204278279166e-06
107.0,446.7966914826144,6.80601868082077e-05,0.5467243431550888,0.1769405731172869,0.002232716373510135,3.8235858923485466e-10,5.055710543613867e-07,1.6702278422433325,3.127846277541474,3.2228938289425497,4.407035545356356,4.559164233380361,4.538908388495683,5.161911421703339,4.705712530957138,5.682681998189183,5.532468508571314,0.293994863046424,0.06154106177843757,0.12078965024755704,0.043482258405175556,0.006982596872501726,0.0002829849843749978,1.3276651310562095e-05,7.1531581949393e-05,0.02436078519291485,0.0008302602856870904
93.0,444.51928555409347,3.1720819982564e-05,0.39356064726264844,0.12837705194945576,0.0022458989124343742,4.195044867039144e-10,3.302763751655835e-07,1.6702278422433325,3.127846277541474,3.2228938289425497,4.407035545356356,4.559164233380361,4.538908388495683,5.161911421703339,4.705712530957138,5.682681998189183,5.532468508571314,0.29400554736077356,0.05544698527874071,0.12791668208153914,0.033455169849561504,0.01056424461668801,0.006344782267885624,3.899914883121794e-06,8.98287880042637e-06,0.024502229088308642,2.020365615658658e-05
61.0,444.3302514062174,0.0001844590942154099,0.3610969746575454,0.10542981296058788,0.002194470734026652,5.3088256013467117e-11,5.605442854585141e-06,1.6702278422433325,3.127846277541474,3.2228938289425497,4.407035545356356,4.559164233380361,4.538908388495683,5.161911421703339,4.705712530957138,5.682681998189183,5.532468508571314,0.29406910747095455,0.025420670934050336,0.16222945284333545,0.0065727452480751685,0.03453536052959262,0.0033863351538819236,0.00027132383028727477,0.0017505643623089502,0.022558455890733353,0.0009323110313263643
15.0,442.3524005496304,6.801879433273846e-05,0.5764402534591337,0.1861765464562031,0.0022570464892496416,1.8175266847109128e-10,3.412818823239627e-07,1.6702278422433325,3.127846277541474,3.2228938289425497,4.407035545356356,4.559164233380361,4.538908388495683,5.161911421703339,4.705712530957138,5.682681998189183,5.532468508571314,0.2939948752164275,0.06272339829490654,0.11943420742913413,0.041582060467784614,0.003443534744902234,0.005931163234739494,2.4016051843711865e-05,0.00021870336007893086,0.024430541254712765,0.00018258846055613446
118.0,440.46021906874086,4.4891486848039816e-05,0.2074768075350223,0.0744240008339362,0.002243346455383985,3.595473196948973e-09,2.341066333823305e-06,1.6702278422433325,3.127846277541474,3.2228938289425497,4.407035545356356,4.559164233380361,4.538908388495683,5.161911421703339,4.705712530957138,5.682681998189183,5.532468508571314,0.29402807251849433,0.04804308223206935,0.1358346646246889,0.04234782108842653,0.00303138279657302,0.0002294361450438749,0.0006683078444841384,0.0013149652337398304,0.016520360829334235,0.009913253818202721
71.0,438.0945802187474,0.00041586843987021725,0.996952840268611,0.2949832705000302,0.0021658673908572417,1.322727039010374e-09,1.1542200549656545e-05,1.6702278422433325,3.127846277541474,3.2228938289425497,4.407035545356356,4.559164233380361,4.538908388495683,5.161911421703339,4.705712530957138,5.682681998189183,5.532468508571314,0.29413714526050266,0.00012124037880961883,0.1900477307119481,0.0026143661900817567,0.0014359341382475302,0.034946081950584705,0.00020863784810281892,6.139617357249003e-05,0.006728588885788662,0.02055030781625154
62.0,436.14896546051796,0.00012053833316894828,0.7293323900135706,0.2327467302431677,0.002275727836436618,1.2922718450880666e-11,1.7053857345114554e-06,1.6702278422433325,3.127846277541474,3.2228938289425497,4.407035545356356,4.559164233380361,4.538908388495683,5.161911421703339,4.705712530957138,5.682681998189183,5.532468508571314,0.29397943369084695,0.0688066699927843,0.11259971161040937,0.048585963274744806,0.000256561052289016,0.0016653902251240658,0.00010061847931956194,0.0012569791317395,0.024729539517151455,0.00022274380087286988
113.0,434.2228962666284,2.0895970301145447e-05,0.31938853380413035,0.10366922208590325,0.0022968430752962226,4.532967889936401e-10,5.668323230997863e-07,1.6702278422433325,3.127846277541474,3.2228938289425497,4.407035545356356,4.559164233380361,4.538908388495683,5.161911421703339,4.705712530957138,5.682681998189183,5.532468508571314,0.29400873002758604,0.05249582553473825,0.13154272660532046,0.028244910307616534,0.016354952881333717,0.004813519585216899,9.899406003629479e-05,3.583776969062617e-05,0.022267946939214266,0.002273194989908527
47.0,434.1016608947316,3.771627447287565e-05,0.11814984242323628,0.04097997592502412,0.002282701292648974,4.5279141547283075e-10,2.045378036732992e-06,1.6702278422433325,3.127846277541474,3.2228938289425497,4.407035545356356,4.559164233380361,4.538908388495683,5.161911421703339,4.705712530957138,5.682681998189183,5.532468508571314,0.2940259628993337,0.044488941313066854,0.14074280605369624,0.018628709057333555,0.029624890856858665,0.000505227534424318,2.220406571913183e-05,3.7234775749389574e-05,0.02275634392423051,0.0009852384041781669
63.0,432.35398501633955,4.37830318372204e-05,0.4056079954667902,0.1300161603455885,0.002310934692447883,1.259257531582847e-09,7.256359524365763e-08,1.6702278422433325,3.127846277541474,3.2228938289425497,4.407035545356356,4.559164233380361,4.538908388495683,5.161911421703339,4.705712530957138,5.682681998189183,5.532468508571314,0.2940020008910779,0.05592632511933899,0.12767613161407584,0.02661664270530184,0.0005144778378681016,0.02306650450992552,0.0004341471605694124,4.570850859682604e-06,0.023522548753948436,0.00021032591786583052
100.0,432.08667633828657,6.692149730543401e-05,0.5056716489531599,0.16165808557077843,0.0023099312702821737,3.381206425956407e-11,4.38538195042526e-07,1.6702278422433325,3.127846277541474,3.2228938289425497,4.407035545356356,4.559164233380361,4.538908388495683,5.161911421703339,4.705712530957138,5.682681998189183,5.532468508571314,0.29399519783807443,0.05990765735105352,0.12303246074867345,0.03377719948383696,0.01095094053995866,0.005961144671077759,3.1165874031003095e-05,8.025636559625391e-05,0.023251962889349744,0.0009616677753787849
37.0,431.8405605764434,0.00010343792464436222,0.11436685014345561,0.029709907759969845,0.002279881921584953,6.963207233035007e-10,3.509122298038514e-06,1.6702278422433325,3.127846277541474,3.2228938289425497,4.407035545356356,4.559164233380361,4.538908388495683,5.161911421703339,4.705712530957138,5.682681998189183,5.532468508571314,0.29404528604201174,0.03523756810937378,0.15111703426549178,0.016094546375821563,0.0018124951393788478,0.025860407398026048,0.00017188131599611835,0.002911009824212168,0.01866607721936123,0.006083442663810884
35.0,431.6604227351241,0.00014393419223386969,0.8269741461568081,0.26314926358610496,0.002294159735971173,4.588477375833122e-10,2.201724235033342e-06,1.6702278422433325,3.127846277541474,3.2228938289425497,4.407035545356356,4.559164233380361,4.538908388495683,5.161911421703339,4.705712530957138,5.682681998189183,5.532468508571314,0.2939725549602976,0.07269163978301123,0.10813793005589667,0.05105530739951723,0.0001445803608639302,0.0008893078047033009,0.0002035221506914473,0.00016526812201730036,0.024673025670671582,0.00013700186688683872
127.0,430.0766270447218,9.578684125893279e-06,0.20194525513419362,0.06615442038104972,0.002311249022095712,4.3228759460944843e-10,1.348573524191654e-06,1.6702278422433325,3.127846277541474,3.2228938289425497,4.407035545356356,4.559164233380361,4.538908388495683,5.161911421703339,4.705712530957138,5.682681998189183,5.532468508571314,0.2940176900292601,0.04782299284798708,0.13704828261869134,0.017715627462151808,0.010650410158836148,0.020376347258916277,0.00032599997990933043,0.00042596565942412516,0.02296330119716452,0.0005359214012137721
138.0,428.7386308583066,4.843825288034345e-05,0.11329676613195239,0.03979111315982376,0.0023076828991944382,1.648634007089811e-10,2.4575602190213264e-06,1.6702278422433325,3.127846277541474,3.2228938289425497,4.407035545356356,4.559164233380361,4.538908388495683,5.161911421703339,4.705712530957138,5.682681998189183,5.532468508571314,0.29402911532046155,0.04429584713362946,0.1409172798679927,0.0155943068358653,0.01332869540775702,0.01906137462272427,0.0002953532778921386,0.0007486593635265521,0.022293838254312897,0.0008886378556045695
146.0,426.40695726061716,4.109363066489721e-05,0.10287470244131001,0.03624207494808409,0.00232272455280441,1.286839135250517e-09,2.1166103344044673e-06,1.6702278422433325,3.127846277541474,3.2228938289425497,4.407035545356356,4.559164233380361,4.538908388495683,5.161911421703339,4.705712530957138,5.682681998189183,5.532468508571314,0.2940269558922881,0.043881174106542874,0.14143812571497472,0.01878956080890197,0.015127759506270164,0.013841761762327069,0.00022131566606171184,2.3399397422578663e-05,0.019378066209810658,0.0050873170264606445
50.0,425.4957459853114,1.231582729034638e-05,0.20857012153457757,0.06964993814283625,0.0023362145333034037,6.551381659392064e-11,1.3919712655088845e-06,1.6702278422433325,3.127846277541474,3.2228938289425497,4.407035545356356,4.559164233380361,4.538908388495683,5.161911421703339,4.705712530957138,5.682681998189183,5.532468508571314,0.29401849479006203,0.048086583004968944,0.13653529126704683,0.027935491527189795,0.01918142865657095,0.00057986910507243,1.129336816593631e-05,0.00017359393697061594,0.017551354844484685,0.007884723782707848
38.0,423.69038354951766,7.723504049544004e-05,0.09185191326298801,0.026490775520763458,0.0023318189611392297,5.975764327814659e-11,2.8335340414159527e-06,1.6702278422433325,3.127846277541474,3.2228938289425497,4.407035545356356,4.559164233380361,4.538908388495683,5.161911421703339,4.705712530957138,5.682681998189183,5.532468508571314,0.2940375820043367,0.036133392325001026,0.15064460439642743,0.006008535123211582,0.010275908292874768,0.027311115006175068,0.00045205383339496367,0.00411636860109761,0.021618026781572732,0.0012862511827955345
82.0,422.708729279575,0.00019709072899136039,0.39685916988563574,0.1167883081392682,0.0023015022094225253,4.003338271996171e-09,6.018962426065921e-06,1.6702278422433325,3.127846277541474,3.2228938289425497,4.407035545356356,4.559164233380361,4.538908388495683,5.161911421703339,4.705712530957138,5.682681998189183,5.532468508571314,0.2940728213594585,0.023997764857990878,0.16389639038776974,0.011695243977453881,0.001691066160183269,0.018203734060403574,1.2177036776976225e-05,0.014351325961065635,0.017064473352715156,0.006187085619442128
90.0,421.6459277559708,4.273026637903873e-05,0.01848584929283196,0.008070566259777747,0.002349848897376022,2.7188848394921195e-09,1.9090365467946957e-06,1.6702278422433325,3.127846277541474,3.2228938289425497,4.407035545356356,4.559164233380361,4.538908388495683,5.161911421703339,4.705712530957138,5.682681998189183,5.532468508571314,0.294027437087531,0.04052351076594512,0.14557248900669295,0.013611341681021558,0.005410638635754443,0.025511577485764752,0.0004181926646345385,0.003061942116073668,0.019811051299494543,0.004180781414119152
140.0,418.9268917945936,3.433804581941026e-05,0.16509447651264725,0.05755380580407046,0.002366393059942824,6.044431066776212e-10,2.005384072127636e-06,1.6702278422433325,3.127846277541474,3.2228938289425497,4.407035545356356,4.559164233380361,4.538908388495683,5.161911421703339,4.705712530957138,5.682681998189183,5.532468508571314,0.29402496964986263,0.04635677422036397,0.13831048215463737,0.03208751068680934,0.013858172402074218,0.00036828609806707546,3.234510630684749e-06,0.0001464536667017984,0.012138891847737232,0.014370151593403973
123.0,417.7571315988604,0.000197211515688181,0.9317815553624992,0.29279875148788626,0.0023555117545338853,1.3054556324831879e-09,3.6918107224268026e-06,1.6702278422433325,3.127846277541474,3.2228938289425497,4.407035545356356,4.559164233380361,4.538908388495683,5.161911421703339,4.705712530957138,5.682681998189183,5.532468508571314,0.29395689063476826,0.07686171654769734,0.103786663116109,0.04960545835301609,0.0002264303415493776,0.0026023905169427347,9.911429783717544e-05,0.0005402704529421744,0.024726642823499834,5.0356933683110025e-05
56.0,417.19387088327466,0.00017815179340528828,0.8799599242943138,0.2771890140613527,0.002364122324952905,1.1133051702749697e-09,3.1731511035484883e-06,1.6702278422433325,3.127846277541474,3.2228938289425497,4.407035545356356,4.559164233380361,4.538908388495683,5.161911421703339,4.705712530957138,5.682681998189183,5.532468508571314,0.29396249447660905,0.07479983770474774,0.10607749979523967,0.04970651111720389,0.0008363265155182947,0.001285535389809032,3.374865338588793e-05,0.00040789212882754415,0.022464120945064985,0.002616726480458061
11.0,414.41476237820746,0.00020692381509445823,0.968772325163135,0.3038664524720631,0.0023738926172328615,5.092954946661621e-10,3.863953941883602e-06,1.6702278422433325,3.127846277541474,3.2228938289425497,4.407035545356356,4.559164233380361,4.538908388495683,5.161911421703339,4.705712530957138,5.682681998189183,5.532468508571314,0.29395403507428447,0.07833350514377599,0.1021624016262837,0.049671306756607726,0.0031251657233379955,0.00018250202084313524,9.68570731495952e-06,0.00020164212907481367,0.024488833709859624,4.83403927848117e-05
126.0,406.88537471596356,0.0002078575396827,0.9691245985930005,0.303476611538491,0.002418186393830414,9.687745605724274e-10,3.853946046628032e-06,1.6702278422433325,3.127846277541474,3.2228938289425497,4.407035545356356,4.559164233380361,4.538908388495683,5.161911421703339,4.705712530957138,5.682681998189183,5.532468508571314,0.29395376054536754,0.0783475213975488,0.1022196134733027,0.048339120166893644,0.0030718861481465677,0.0013620830392638331,0.00016776061580673048,8.96607112806301e-05,0.022657374873399284,0.001847785719225017
18.0,406.06422848951735,0.0001661861837648107,0.7577460083148635,0.23584608623304426,0.002430676847575043,1.9568921483248403e-09,3.003085823891083e-06,1.6702278422433325,3.127846277541474,3.2228938289425497,4.407035545356356,4.559164233380361,4.538908388495683,5.161911421703339,4.705712530957138,5.682681998189183,5.532468508571314,0.2939660125438169,0.06993719092042543,0.11214485973242558,0.03597257679022913,0.0045984877790916446,0.01093620479516741,0.0007075220148944336,2.5100677563715082e-05,0.02244992760381665,0.0013932199515956014
101.0,404.01633507894746,0.00017678064804874666,0.7979156039745161,0.24807339697117364,0.0024416388721653515,1.194573939766741e-09,3.231400011037555e-06,1.6702278422433325,3.127846277541474,3.2228938289425497,4.407035545356356,4.559164233380361,4.538908388495683,5.161911421703339,4.705712530957138,5.682681998189183,5.532468508571314,0.29396289761373795,0.07153545862665604,0.11035041750955883,0.03430082542020616,0.0015879773079308947,0.01643566947402076,0.00015979430919394225,4.828415288123332e-05,0.022718923430976992,0.0009350919818348636
46.0,401.45395833337886,0.0002063624305770402,0.9714260864752721,0.30418405605926374,0.002452657216933523,5.697196048259912e-10,3.7718735417316407e-06,1.6702278422433325,3.127846277541474,3.2228938289425497,4.407035545356356,4.559164233380361,4.538908388495683,5.161911421703339,4.705712530957138,5.682681998189183,5.532468508571314,0.2939542001296825,0.0784390929879049,0.1021157911083037,0.04845255967013404,0.0015058846376866657,0.002393697563086417,0.0011717954488823345,7.351822280484594e-05,0.022060154175445185,0.0017010092330960254
110.0,400.1852298232032,2.779054388950487e-05,0.21527351330760777,0.06524875860806653,0.002494140724986331,1.8494322739925906e-09,2.8526921916349757e-07,1.6702278422433325,3.127846277541474,3.2228938289425497,4.407035545356356,4.559164233380361,4.538908388495683,5.161911421703339,4.705712530957138,5.682681998189183,5.532468508571314,0.2940067029204029,0.0483532975291534,0.13718119473320967,0.010383222455720778,0.025534558483110543,0.012410411833255561,5.404214791983708e-06,6.886574638972902e-05,0.016647895029220653,0.0070879923722186634
28.0,398.0911427134029,0.0002614143856000611,1.1043236089269095,0.3434299878284879,0.00245919599207703,1.121525650127353e-10,5.267941977339652e-06,1.6702278422433325,3.127846277541474,3.2228938289425497,4.407035545356356,4.559164233380361,4.538908388495683,5.161911421703339,4.705712530957138,5.682681998189183,5.532468508571314,0.2939380140360765,0.08372681906242589,0.096356179812679,0.049105633437368186,0.0011648604537983843,0.0026978607112782857,1.3465933807095194e-05,0.0012179515325904033,0.023805644908673915,0.0001492756785577679
6.0,397.08121288442993,0.000259401011612104,1.0804415445732667,0.33532710903421026,0.0024646228492077277,1.3106726259870527e-09,5.244299045685519e-06,1.6702278422433325,3.127846277541474,3.2228938289425497,4.407035545356356,4.559164233380361,4.538908388495683,5.161911421703339,4.705712530957138,5.682681998189183,5.532468508571314,0.2939386059979754,0.08277659958454134,0.09754533318799002,0.046154036426356904,0.0015202069288076524,0.006081911078489911,5.213607315640443e-05,1.2527098610506205e-05,0.023445535163095825,0.0006992240109217257
69.0,393.6687955956267,0.0001120464809110181,0.46618184996181866,0.14034492663710396,0.002520546066977003,1.9143013840761114e-09,1.7746046747299515e-06,1.6702278422433325,3.127846277541474,3.2228938289425497,4.407035545356356,4.559164233380361,4.538908388495683,5.161911421703339,4.705712530957138,5.682681998189183,5.532468508571314,0.2939819304217165,0.05833643739185454,0.12616031388926569,0.0072853575628634105,0.005996499030864875,0.03749460099912766,7.961465213647906e-05,0.00015244682146842858,0.021926502892047457,0.0002890830352196493
48.0,391.4776368848064,0.00014318256473352624,0.6416170901374816,0.19806066758206475,0.002529854083100095,4.006012188639829e-11,2.4530185987539643e-06,1.6702278422433325,3.127846277541474,3.2228938289425497,4.407035545356356,4.559164233380361,4.538908388495683,5.161911421703339,4.705712530957138,5.682681998189183,5.532468508571314,0.29397277594996224,0.06531665400352453,0.1176901306499771,0.028368916539243443,0.0059291545629474125,0.01601042854124282,3.2804040193434294e-05,3.7619586682887333e-07,0.01628521830370632,0.008098759593796426
103.0,390.8486986561778,0.0001841726539214593,0.8565100393426216,0.2674879928349367,0.0025244348008566474,9.981692694616129e-10,3.3101837430410397e-06,1.6702278422433325,3.127846277541474,3.2228938289425497,4.407035545356356,4.559164233380361,4.538908388495683,5.161911421703339,4.705712530957138,5.682681998189183,5.532468508571314,0.2939607242540645,0.07386681377912337,0.1075011916001206,0.04565332466407106,1.097680879786229e-05,0.004875440173474136,0.0001063838575344499,0.0001145993995545642,0.014437161290961713,0.011199020238206982
104.0,385.14461124066025,0.0001934394697745594,0.7296705892831666,0.22132417775804009,0.0025580826238063314,2.6420715615316226e-10,3.8080512986884973e-06,1.6702278422433325,3.127846277541474,3.2228938289425497,4.407035545356356,4.559164233380361,4.538908388495683,5.161911421703339,4.705712530957138,5.682681998189183,5.532468508571314,0.29395799967237135,0.06882012626392643,0.11427605000657907,0.017493646445044024,0.004232759285059162,0.03032371448347352,0.00010150369066386366,0.00014587239765790375,0.02196339407011076,0.0006342089922581008
14.0,384.1993659338427,0.00034998348802955394,1.3641706218417342,0.4219448369917292,0.0025274824995867506,2.3207524790791467e-10,7.51007566518469e-06,1.6702278422433325,3.127846277541474,3.2228938289425497,4.407035545356356,4.559164233380361,4.538908388495683,5.161911421703339,4.705712530957138,5.682681998189183,5.532468508571314,0.2939119734026072,0.09406561093927311,0.08483358392238362,0.05519044578886092,1.2818138232949831e-05,1.8921951462582547e-05,1.3466133556842756e-05,1.7673705158869832e-05,0.02329452256692551,0.0010880902451651804
145.0,383.1934342173023,0.00029060571092092986,1.1599836987754197,0.35790617415369075,0.002548928869203587,9.481277429834734e-10,5.977105728631471e-06,1.6702278422433325,3.127846277541474,3.2228938289425497,4.407035545356356,4.559164233380361,4.538908388495683,5.161911421703339,4.705712530957138,5.682681998189183,5.532468508571314,0.2939294313522476,0.08594142248747659,0.09423169957950514,0.04287873437766324,0.010495987479479645,0.0011778337422104243,2.280836432703637e-05,7.831334593841875e-05,0.023244332871837966,3.367020964478546e-06
24.0,381.62424974233096,0.00015207646728416523,0.5623859693815453,0.16862289407956632,0.002591533887112916,4.355341087780573e-10,2.840913353521768e-06,1.6702278422433325,3.127846277541474,3.2228938289425497,4.407035545356356,4.559164233380361,4.538908388495683,5.161911421703339,4.705712530957138,5.682681998189183,5.532468508571314,0.29397016101032664,0.06216420649806297,0.12201032704077829,0.009222566990767848,0.00522165828179335,0.03648367870993937,0.00013273387828733203,0.0001053263193608725,0.019151878074600635,0.0032690295066900694
22.0,380.02803786446293,0.00022120992971375045,0.8338303648835106,0.2535081810992011,0.0025844025483261965,2.6000204211840128e-09,4.438222491000288e-06,1.6702278422433325,3.127846277541474,3.2228938289425497,4.407035545356356,4.559164233380361,4.538908388495683,5.161911421703339,4.705712530957138,5.682681998189183,5.532468508571314,0.29394983474409825,0.07296443498539731,0.10955282543715923,0.020025148269668627,0.004497800793373535,0.028455322136133044,4.523511853265017e-05,0.00010467425296354423,0.022075743569183567,0.00010050612311263036
36.0,379.3517128974666,0.00033714372539910936,1.3186422837949248,0.40716542200503,0.0025640657499253665,6.392576468172706e-10,7.137113496598346e-06,1.6702278422433325,3.127846277541474,3.2228938289425497,4.407035545356356,4.559164233380361,4.538908388495683,5.161911421703339,4.705712530957138,5.682681998189183,5.532468508571314,0.29391574848379604,0.0922541296130706,0.08700256505399916,0.0520139707802075,0.0004557428134197974,0.00022985414412806515,0.00021098837912154964,0.0025857977476210826,0.023441817079925258,0.00011913718704597508
128.0,377.4897838533995,0.000349150554468552,1.2961044663456538,0.39871443342958995,0.0025714205695213208,1.2007002059277738e-09,7.64570438420431e-06,1.6702278422433325,3.127846277541474,3.2228938289425497,4.407035545356356,4.559164233380361,4.538908388495683,5.161911421703339,4.705712530957138,5.682681998189183,5.532468508571314,0.293912218297463,0.09135739502546629,0.0882428059417558,0.04961830695718017,0.004799520625708696,8.260606304933897e-05,1.7413813065331138e-05,0.00021227488449295886,0.021913015065819184,0.0024071656935731583
147.0,376.5088962748706,0.0003520293448044751,1.3190738421734747,0.4055921238355988,0.002579707532220755,2.0975554626545545e-11,7.6251231067095415e-06,1.6702278422433325,3.127846277541474,3.2228938289425497,4.407035545356356,4.559164233380361,4.538908388495683,5.161911421703339,4.705712530957138,5.682681998189183,5.532468508571314,0.2939113718902858,0.09227130045605428,0.08723345741658405,0.047755143712712805,0.0051957321458636204,0.0017929943272285013,7.084552234796114e-05,0.00045433969341357374,0.02302791460953517,0.0006448676905327116
137.0,373.3047116068424,0.00021762878165500313,0.753481945329277,0.226092360148102,0.0026332629061764346,5.688140514159556e-10,4.494507767439926e-06,1.6702278422433325,3.127846277541474,3.2228938289425497,4.407035545356356,4.559164233380361,4.538908388495683,5.161911421703339,4.705712530957138,5.682681998189183,5.532468508571314,0.29395088765489263,0.06976753239996286,0.11357628633897429,0.012321610647300103,0.014565460000789171,0.025675601061149928,4.859181418585436e-06,6.768386539184246e-05,0.021209610876954436,0.0008427832277025436
66.0,372.4978947716966,0.00042136765892308956,1.5254021526920805,0.4690469557201388,0.002588596043706426,1.2295561235831087e-09,9.475333077817172e-06,1.6702278422433325,3.127846277541474,3.2228938289425497,4.407035545356356,4.559164233380361,4.538908388495683,5.161911421703339,4.705712530957138,5.682681998189183,5.532468508571314,0.29389098539461395,0.10048069042295996,0.07792102298049398,0.05613284149982263,9.724187717944808e-05,5.5418848555576666e-05,4.6316395323276876e-05,1.6964068674283662e-05,0.02428053474641189,1.8123057432618532e-06
10.0,370.4295538462076,0.0004197487069877615,1.5159052577029408,0.46553135042548605,0.0026052330595951814,3.899483513869484e-10,9.394561344688857e-06,1.6702278422433325,3.127846277541474,3.2228938289425497,4.407035545356356,4.559164233380361,4.538908388495683,5.161911421703339,4.705712530957138,5.682681998189183,5.532468508571314,0.2938914613905628,0.10010282800434839,0.07843696231619651,0.05433852330779987,0.0005537669915464098,0.0008458939860221127,3.949556074942322e-06,0.0005442304488793107,0.023576425440611514,0.00034788143026606006
88.0,364.85771544176794,0.0004510679087875994,1.607943152603814,0.49328473857336663,0.0026346529763829245,4.323742142098297e-09,1.0181772730218086e-05,1.6702278422433325,3.127846277541474,3.2228938289425497,4.407035545356356,4.559164233380361,4.538908388495683,5.161911421703339,4.705712530957138,5.682681998189183,5.532468508571314,0.2938822530793996,0.10376483138660461,0.07436396109894067,0.056215482207462524,0.00031623985314785006,7.848174512589028e-05,6.376162263418912e-05,2.200630756591087e-05,0.023313360918390934,0.0006851215368598084
23.0,363.4395323313597,0.0003514351112409416,1.2309325924753296,0.3741305539537983,0.0026742610415727576,2.669154897105841e-10,7.696138584221968e-06,1.6702278422433325,3.127846277541474,3.2228938289425497,4.407035545356356,4.559164233380361,4.538908388495683,5.161911421703339,4.705712530957138,5.682681998189183,5.532468508571314,0.293911546603792,0.08876433677703345,0.09185065989083903,0.03292906135887955,0.00840517907141754,0.012869026124648105,6.0176345451429426e-05,0.0008690388651793798,0.022258604667086356,0.00018535273818761922
136.0,359.10009021444114,0.0004400258193183449,1.5862986906003815,0.48617033707646895,0.0026855391864271908,1.3740441562326566e-09,9.782569666896834e-06,1.6702278422433325,3.127846277541474,3.2228938289425497,4.407035545356356,4.559164233380361,4.538908388495683,5.161911421703339,4.705712530957138,5.682681998189183,5.532468508571314,0.29388549961794086,0.10290364162179032,0.07540804861007663,0.051070197625973326,1.1072496642840638e-05,0.005742053092639289,4.6591462648386074e-05,9.316651378637352e-06,0.02258723626490019,0.0005986992158531315
95.0,358.85240647229176,0.00030306306083486314,0.9799477524289345,0.2932227544381989,0.0027168065218154984,3.056725539352101e-09,6.6797736280529985e-06,1.6702278422433325,3.127846277541474,3.2228938289425497,4.407035545356356,4.559164233380361,4.538908388495683,5.161911421703339,4.705712530957138,5.682681998189183,5.532468508571314,0.29392576870608533,0.07877815299768,0.10372443775740535,0.013642126010009026,0.0001912033455426329,0.039693048347187926,4.0808968384667674e-05,0.00013109580953453396,0.02072763966651115,0.0011838055786895347
2.0,355.18834810869015,0.0003378246042650852,1.1343835512351461,0.3423853576208551,0.002740124983049156,6.870400359737516e-10,7.459564815411046e-06,1.6702278422433325,3.127846277541474,3.2228938289425497,4.407035545356356,4.559164233380361,4.538908388495683,5.161911421703339,4.705712530957138,5.682681998189183,5.532468508571314,0.2939155482952822,0.084922843922857,0.09650948650390528,0.025225491845820732,0.00012013292014032836,0.027731951242352473,2.5394188608671156e-05,0.0009542618003445983,0.018865409844409396,0.003795003600195637
85.0,352.17367078579184,0.0002938688295130388,0.912717727788814,0.2707393735722827,0.00277187854268614,2.6938757891059595e-09,6.493570763974055e-06,1.6702278422433325,3.127846277541474,3.2228938289425497,4.407035545356356,4.559164233380361,4.538908388495683,5.161911421703339,4.705712530957138,5.682681998189183,5.532468508571314,0.2939284719468467,0.0761032050549174,0.10702402904143013,0.006799456654071287,0.0012863264496365695,0.04501931634618307,4.109704507596843e-06,8.141809735728479e-05,0.018802598708172236,0.002854280569114019
12.0,351.7981179310598,0.0004994446071609904,1.7651202887834687,0.5400743466841981,0.0027300491003822325,1.1535261634776361e-10,1.1237491554905166e-05,1.6702278422433325,3.127846277541474,3.2228938289425497,4.407035545356356,4.559164233380361,4.538908388495683,5.161911421703339,4.705712530957138,5.682681998189183,5.532468508571314,0.2938680296105347,0.11001859463187613,0.06749726324659597,0.05573891084443006,0.0009685285175500937,0.0006609121377444104,7.900828483613096e-05,0.00021063670680890198,0.02262757522131262,0.0006286005548015416
111.0,351.38292763139833,0.00044708687164479337,1.5270667872029409,0.4646038502919031,0.0027426572059659335,2.0493369778940007e-09,1.0119153964316396e-05,1.6702278422433325,3.127846277541474,3.2228938289425497,4.407035545356356,4.559164233380361,4.538908388495683,5.161911421703339,4.705712530957138,5.682681998189183,5.532468508571314,0.29388342356353253,0.10054692289400416,0.07857307936082397,0.04240118610967439,0.008650400470796621,0.005160126245465648,2.2003743155526903e-05,0.0005108137881083316,0.022223187580727128,0.00042136685482436977
117.0,351.2620528950119,0.00040918718075096095,1.402216963305168,0.42615193279687763,0.002754785947907065,4.634011507853586e-10,9.162805132814644e-06,1.6702278422433325,3.127846277541474,3.2228938289425497,4.407035545356356,4.559164233380361,4.538908388495683,5.161911421703339,4.705712530957138,5.682681998189183,5.532468508571314,0.293894566636366,0.0955793986163123,0.08421616358277761,0.038352207324219345,0.0003590301176125249,0.016538082218491634,1.8037258687486654e-05,1.3963400254779937e-06,0.018831828732641984,0.004358219761229816
79.0,350.3547417551808,0.0005312145617250288,1.8335738450180565,0.5603347380881664,0.002732244364926435,3.5130920394976783e-10,1.2165426406161861e-05,1.6702278422433325,3.127846277541474,3.2228938289425497,4.407035545356356,4.559164233380361,4.538908388495683,5.161911421703339,4.705712530957138,5.682681998189183,5.532468508571314,0.2938586887713544,0.11274222444466697,0.06452391100539422,0.057394599904619245,0.000203678612980592,0.0003648725496095947,3.808562746980196e-05,2.9022457396580444e-05,0.023440510356946408,0.00014841896981407216
144.0,349.5747448473755,0.00034468704342664595,1.0833510573129375,0.32311017654743296,0.002780993088780543,2.3995772591156594e-09,7.722588475582437e-06,1.6702278422433325,3.127846277541474,3.2228938289425497,4.407035545356356,4.559164233380361,4.538908388495683,5.161911421703339,4.705712530957138,5.682681998189183,5.532468508571314,0.2939135306360985,0.08289236326541287,0.09933825233085786,0.013621571290940214,0.020050786543036284,0.020860889524882704,2.076207946168421e-06,8.14599249088547e-05,0.02102241444762434,0.0001829585103681043
49.0,349.0486804386793,0.0004576989305989047,1.5744371154489447,0.4791059214008857,0.0027605639230235905,1.4327737329900003e-09,1.0293319996503014e-05,1.6702278422433325,3.127846277541474,3.2228938289425497,4.407035545356356,4.559164233380361,4.538908388495683,5.161911421703339,4.705712530957138,5.682681998189183,5.532468508571314,0.29388030346035887,0.10243169331864593,0.07644480035701781,0.0427781654415111,0.0009623934671529662,0.012811456503946647,5.647395696436028e-06,4.2778911508392395e-05,0.021247799027459463,0.0015511336023425403
121.0,345.12864500188266,0.0005499349136979998,1.8986068376654306,0.5798783255862352,0.002770937481984071,9.330697325893311e-10,1.2559975242035226e-05,1.6702278422433325,3.127846277541474,3.2228938289425497,4.407035545356356,4.559164233380361,4.538908388495683,5.161911421703339,4.705712530957138,5.682681998189183,5.532468508571314,0.29385318470943245,0.11532975688757456,0.06165575468354134,0.057739190982013966,0.00026644434033303537,0.00031913839091307085,2.187933260531033e-05,1.7510005488954794e-05,0.02265419420797656,0.0006198786035669877
27.0,344.25366974313215,0.0004931485824719972,1.725222335549738,0.5265378561559105,0.0027919663697472184,2.0731675820506723e-09,1.1079514677492242e-05,1.6702278422433325,3.127846277541474,3.2228938289425497,4.407035545356356,4.559164233380361,4.538908388495683,5.161911421703339,4.705712530957138,5.682681998189183,5.532468508571314,0.2938698807354388,0.10843113503336639,0.06948383663739466,0.050087778467217174,0.006960874267642772,0.0005154667779836712,0.00010425995018854313,2.712568045325984e-06,0.021635893060097763,0.001065713885352552
73.0,342.07260415434547,0.0003425532398023055,1.0259242433604077,0.3029505117841037,0.002845951270252483,1.7202989033293647e-10,7.72327004704143e-06,1.6702278422433325,3.127846277541474,3.2228938289425497,4.407035545356356,4.559164233380361,4.538908388495683,5.161911421703339,4.705712530957138,5.682681998189183,5.532468508571314,0.2939141580061017,0.08060746542900692,0.10229682224250233,0.0047328310611733015,0.02059987015413104,0.028952461171184298,3.8847618707878634e-05,0.00019413197587588756,0.02005093054217939,0.0003491777927884789
102.0,339.4515680829126,0.0005103030865942996,1.6857172031177945,0.5109181678877126,0.0028285091277708728,1.3913337149062954e-10,1.1728009514010151e-05,1.6702278422433325,3.127846277541474,3.2228938289425497,4.407035545356356,4.559164233380361,4.538908388495683,5.161911421703339,4.705712530957138,5.682681998189183,5.532468508571314,0.29386483705607497,0.10685930498729604,0.07177613367120332,0.04248345653907559,0.005821240180360605,0.008711444465831211,0.00088321172812982,8.14208379106792e-07,0.02181116930542832,0.00019560210818921788
55.0,335.97119850531413,0.0005025844347996494,1.6413615063668159,0.49564040045163277,0.002860026437609883,1.5140689257897577e-09,1.1490510680514654e-05,1.6702278422433325,3.127846277541474,3.2228938289425497,4.407035545356356,4.559164233380361,4.538908388495683,5.161911421703339,4.705712530957138,5.682681998189183,5.532468508571314,0.2938671064545079,0.10509448070812975,0.07401825146354417,0.03432325035152245,0.005688851623337127,0.017247103446483256,3.1859656427248124e-05,7.847347728575739e-05,0.021619333110710202,0.00014884059675914667
84.0,335.89368158029407,0.00042609552902990195,1.3738305132215454,0.41356924670125633,0.00288003473285082,3.723419350620816e-10,9.672543719009552e-06,1.6702278422433325,3.127846277541474,3.2228938289425497,4.407035545356356,4.559164233380361,4.538908388495683,5.161911421703339,4.705712530957138,5.682681998189183,5.532468508571314,0.29388959533048137,0.09444995865760365,0.08606275959155096,0.040226097273500655,0.0005931418189327192,0.0008568676623957422,0.00045043486272904363,0.01399729254296766,0.017889828242988556,0.003520790035638717
130.0,328.8089630250947,0.00048678255723098786,1.6363064320290996,0.49486887819185066,0.002931536109142472,9.16196563061078e-10,1.0882732000734585e-05,1.6702278422433325,3.127846277541474,3.2228938289425497,4.407035545356356,4.559164233380361,4.538908388495683,5.161911421703339,4.705712530957138,5.682681998189183,5.532468508571314,0.29387175244154634,0.10489334943125504,0.07413147767889808,0.04149379304953496,0.004815980829784284,0.001916691068588747,2.715516195665976e-05,0.009565652824336735,0.020718938028670482,0.0001450079602917102
109.0,327.4022162961676,0.0006382674166319939,2.0768258478428856,0.6296809402737965,0.002904668179243001,4.510145035219182e-10,1.4922787608333266e-05,1.6702278422433325,3.127846277541474,3.2228938289425497,4.407035545356356,4.559164233380361,4.538908388495683,5.161911421703339,4.705712530957138,5.682681998189183,5.532468508571314,0.29382721363973396,0.12242073412858061,0.05434687732542851,0.05213705252993572,0.0004168315054378088,0.006797648784386146,3.927743499732367e-06,0.00012874746256057778,0.022413125032464988,0.00016102113317091723
120.0,324.8728394714086,0.0005317603358333514,1.633876982730601,0.4890558445488576,0.0029536904978131424,3.149103755539784e-10,1.241220266164772e-05,1.6702278422433325,3.127846277541474,3.2228938289425497,4.407035545356356,4.559164233380361,4.538908388495683,5.161911421703339,4.705712530957138,5.682681998189183,5.532468508571314,0.29385852830564885,0.1047966865125985,0.07498458047765197,0.023968358298233027,0.009000600882203951,0.024422105371015215,3.119222717614508e-06,0.000190576491176127,0.020790337470959853,0.00022651743848858087
4.0,323.2549736483365,0.0006505529721467159,2.0815048561832383,0.6300163199860811,0.00293928113535672,9.760588448592955e-10,1.5327602731006473e-05,1.6702278422433325,3.127846277541474,3.2228938289425497,4.407035545356356,4.559164233380361,4.538908388495683,5.161911421703339,4.705712530957138,5.682681998189183,5.532468508571314,0.2938236015036803,0.12260690249310514,0.05429765803843193,0.05351812987686593,0.0014940011305155552,0.0008046644348484265,1.0941645478056681e-05,0.004020779573432653,0.022110800917811504,7.984592069283892e-05
51.0,321.39508879439575,0.0006641700822606282,2.131981181872658,0.6455112266617329,0.0029541243959557307,1.06578884606634e-09,1.5624503890109e-05,1.6702278422433325,3.127846277541474,3.2228938289425497,4.407035545356356,4.559164233380361,4.538908388495683,5.161911421703339,4.705712530957138,5.682681998189183,5.532468508571314,0.2938195978707693,0.12461525433119969,0.05202367356435917,0.053688808601533244,0.004153783914113182,0.0007953569809289447,0.00042071881704214476,0.0009214336481206787,0.021454013883205433,0.0007643789288114383
119.0,320.72100530755,0.0004870853687706543,1.5172986169712868,0.4551242085446363,0.003003996994572373,1.2428566509292693e-09,1.1273491017739501e-05,1.6702278422433325,3.127846277541474,3.2228938289425497,4.407035545356356,4.559164233380361,4.538908388495683,5.161911421703339,4.705712530957138,5.682681998189183,5.532468508571314,0.29387166341044973,0.10015826697716362,0.07996428219955613,0.033735397493800987,0.019078664535298,0.0007474267333202999,7.272343022236618e-05,0.001390515377978389,0.011835498146341116,0.01110937004500993
21.0,318.8797833838922,0.0005106860339007119,1.5001537686688031,0.4448007466693126,0.0030150343740713323,1.391243120707486e-09,1.1955242879189976e-05,1.6702278422433325,3.127846277541474,3.2228938289425497,4.407035545356356,4.559164233380361,4.538908388495683,5.161911421703339,4.705712530957138,5.682681998189183,5.532468508571314,0.293864724463871,0.09947610782370205,0.08147932146468813,0.011704886364464972,0.008069510559987213,0.03680436667468397,0.00010943085712715586,2.9034317670054067e-05,0.019554783904878553,0.0009232008593156524
124.0,318.6152291035796,0.0006063116593544722,1.937623780425466,0.5839860015902845,0.0029977663526238782,2.5809887560512834e-10,1.4055747634335314e-05,1.6702278422433325,3.127846277541474,3.2228938289425497,4.407035545356356,4.559164233380361,4.538908388495683,5.161911421703339,4.705712530957138,5.682681998189183,5.532468508571314,0.2938366091076756,0.11688216284499495,0.06105292488577255,0.036574445854125726,0.00039856362534112036,0.021814220894282237,8.811190488747288e-07,0.00023828265650120716,0.02074341127005251,0.0005053193276748442
67.0,314.9499481140651,0.0007452305088996791,2.410840569819311,0.7311630021973232,0.0029991739312903247,4.2134962185969016e-10,1.7551240203250718e-05,1.6702278422433325,3.127846277541474,3.2228938289425497,4.407035545356356,4.559164233380361,4.538908388495683,5.161911421703339,4.705712530957138,5.682681998189183,5.532468508571314,0.2937957648996646,0.13571051050730393,0.03945368448202708,0.06106103583926523,4.6462679478623394e-06,1.9748496733712348e-05,1.4206428381266138e-05,0.00018362445347850793,0.022150036438589964,0.0002702318795274068
105.0,312.5816039601941,0.0007038091840696945,2.200740459040544,0.6636039039250317,0.0030321928177716702,2.0462481709060398e-10,1.6676715101075767e-05,1.6702278422433325,3.127846277541474,3.2228938289425497,4.407035545356356,4.559164233380361,4.538908388495683,5.161911421703339,4.705712530957138,5.682681998189183,5.532468508571314,0.2938079433852552,0.12735104816722215,0.04936844833116685,0.0469669605033049,0.0019261057261339245,0.01114935263914153,8.158743394872216e-05,5.301834609969673e-06,0.021142811414397895,0.000920385477912438
43.0,311.3510401414525,0.0005690245241349598,1.731464794882584,0.5182131281637168,0.00307816920346282,6.643807726192108e-11,1.3357312436505786e-05,1.6702278422433325,3.127846277541474,3.2228938289425497,4.407035545356356,4.559164233380361,4.538908388495683,5.161911421703339,4.705712530957138,5.682681998189183,5.532468508571314,0.2938475720800298,0.10867950997952416,0.0707055479133247,0.03474998509331571,0.017976416198746358,0.0010135992677531105,1.471616381934809e-05,0.0028520771540944917,0.01347516258017309,0.008708654107923338
81.0,308.8268814141243,0.0005697983241236508,1.6759391618122201,0.497051406454449,0.0031039733061233358,4.730704161737265e-10,1.3361371531836475e-05,1.6702278422433325,3.127846277541474,3.2228938289425497,4.407035545356356,4.559164233380361,4.538908388495683,5.161911421703339,4.705712530957138,5.682681998189183,5.532468508571314,0.29384734457132383,0.10647025632020712,0.07381117659627379,0.009989099573913404,0.0013114029632794399,0.046464989894815914,0.00011877251266232647,0.00022439449763906214,0.019467458075221208,7.478081831810112e-05
92.0,308.27616875025416,0.0006099627544952194,1.8127056029030109,0.5398665303166335,0.0030994346708398354,3.979858109737222e-10,1.4401199100386175e-05,1.6702278422433325,3.127846277541474,3.2228938289425497,4.407035545356356,4.559164233380361,4.538908388495683,5.161911421703339,4.705712530957138,5.682681998189183,5.532468508571314,0.29383553563139875,0.1119119189135665,0.06752776173253022,0.020207844607865833,0.01807270309323261,0.020173595798519184,4.024133752975138e-05,0.0002835224668687905,0.019754328056337124,0.0002679236216244641
33.0,303.1756638318314,0.0006742654878495235,2.0042051060773396,0.5981628325208094,0.0031368416469811666,1.0675053063735618e-09,1.605086275600215e-05,1.6702278422433325,3.127846277541474,3.2228938289425497,4.407035545356356,4.559164233380361,4.538908388495683,5.161911421703339,4.705712530957138,5.682681998189183,5.532468508571314,0.29381662967136957,0.11953130035509191,0.0589723771224081,0.027039985152788795,0.023071472976725675,0.009523871316162493,1.5889564399373466e-06,0.00018844817991835742,0.02002014179589351,0.0001016945788575188
78.0,297.10226478090954,0.0006658155356395048,1.9349239209727038,0.5742908832447353,0.003205329251671036,2.13944950644418e-09,1.5837571854589172e-05,1.6702278422433325,3.127846277541474,3.2228938289425497,4.407035545356356,4.559164233380361,4.538908388495683,5.161911421703339,4.705712530957138,5.682681998189183,5.532468508571314,0.2938191140830018,0.1167747408482372,0.062475750402154674,0.018923027453762772,0.03951273742535847,0.0006656951827070185,3.9961125881509676e-08,0.0005199885987394602,0.01931389946107003,5.3449012183768245e-05
57.0,296.53359855679344,0.0006331240760204099,1.7899514492887851,0.5282748285285167,0.0032207339662290403,5.688688964333721e-10,1.5099630691753352e-05,1.6702278422433325,3.127846277541474,3.2228938289425497,4.407035545356356,4.559164233380361,4.538908388495683,5.161911421703339,4.705712530957138,5.682681998189183,5.532468508571314,0.29382872585837455,0.1110065767435243,0.06922892395609362,0.0116563969415852,0.026576053129133106,0.017837068244910888,0.0003616854603352217,0.0024460975032423037,0.018126973115443302,0.0008738024604348259
13.0,295.6211425961063,0.0006559233859852274,1.9677628695204366,0.5860933734989673,0.003228799872751011,2.524000453085762e-10,1.5365571357478514e-05,1.6702278422433325,3.127846277541474,3.2228938289425497,4.407035545356356,4.559164233380361,4.538908388495683,5.161911421703339,4.705712530957138,5.682681998189183,5.532468508571314,0.2938220225221336,0.1180813367974498,0.06074365351668635,0.02078211193136028,0.021899631832725835,0.016445257714120462,3.8392894826397734e-05,0.000210398413997978,0.017643422428449716,0.0018901665399047186
89.0,293.9620862588038,0.0007702482104028663,2.300532396316194,0.6884447853107093,0.0032160173408796143,1.331317112107655e-09,1.8445057648371066e-05,1.6702278422433325,3.127846277541474,3.2228938289425497,4.407035545356356,4.559164233380361,4.538908388495683,5.161911421703339,4.705712530957138,5.682681998189183,5.532468508571314,0.2937884093233155,0.1313215693554666,0.04572287757841897,0.03636348922010778,0.004273388341427077,0.019799776777827495,8.387871246915476e-05,0.00010753709280406447,0.018140842159686258,0.002839704393677988
139.0,291.300041937992,0.0007793411283048476,2.2980622677855838,0.6859480719916345,0.0032450857716507966,8.026943554284571e-10,1.8699809778241483e-05,1.6702278422433325,3.127846277541474,3.2228938289425497,4.407035545356356,4.559164233380361,4.538908388495683,5.161911421703339,4.705712530957138,5.682681998189183,5.532468508571314,0.2937857358702065,0.13122328789169077,0.04608928748605063,0.02994211993881586,0.0022418871768125183,0.028593658646416834,0.0001154867518176869,0.00022357523388105268,0.019209457493172235,0.0009605946941022126
122.0,284.673166217153,0.0007166967911546285,1.9824387969597732,0.5835122861961924,0.0033394546432969924,5.402921443575792e-10,1.7280542185395265e-05,1.6702278422433325,3.127846277541474,3.2228938289425497,4.407035545356356,4.559164233380361,4.538908388495683,5.161911421703339,4.705712530957138,5.682681998189183,5.532468508571314,0.2938041542370851,0.1186652625378036,0.06112244588863133,0.0037165215316944744,0.00592403852743048,0.049725033206073466,0.0009095204778214142,6.720001498774491e-05,0.018094622940954565,2.5875450400087982e-06
41.0,283.592260310917,0.0008427010880711905,2.5767887394158975,0.774852276853751,0.003324138109473709,8.042636556737648e-10,2.0124694848203117e-05,1.6702278422433325,3.127846277541474,3.2228938289425497,4.407035545356356,4.559164233380361,4.538908388495683,5.161911421703339,4.705712530957138,5.682681998189183,5.532468508571314,0.29376710709963477,0.14231325559394936,0.0330419819573303,0.05540371610671384,6.308702932845538e-05,0.0033783867775503463,3.0198098483290233e-05,0.0016222542224910749,0.011508072746068887,0.011168046062281342
65.0,274.61955124878125,0.0008123891382274527,2.210395093508027,0.6502467828996815,0.0034414740833645634,1.6838689331777346e-09,1.982433807562467e-05,1.6702278422433325,3.127846277541474,3.2228938289425497,4.407035545356356,4.559164233380361,4.538908388495683,5.161911421703339,4.705712530957138,5.682681998189183,5.532468508571314,0.2937760192637413,0.1277351867235467,0.05132869800970706,0.01026570874460721,0.04927204410807214,0.0012295063009821483,0.00016766626363250213,0.0004779767675281934,0.017861065399463107,0.00015640085474574785
132.0,274.41595790334736,0.0008455551861707779,2.460783609884557,0.7316939831926665,0.0034398132282016576,1.7767908810917277e-09,2.0251292463968618e-05,1.6702278422433325,3.127846277541474,3.2228938289425497,4.407035545356356,4.559164233380361,4.538908388495683,5.161911421703339,4.705712530957138,5.682681998189183,5.532468508571314,0.29376626795234234,0.137697643979186,0.03937575935703515,0.02191499376188633,0.0013487955695212523,0.037980140057300146,1.69901856501117e-05,0.0009151796363050559,0.01721766796584694,0.001677944678427021
91.0,269.7479052990332,0.0009001127340661834,2.4940484720481724,0.7379653536913361,0.0034865063064906535,2.8814728381121313e-11,2.2062990344143274e-05,1.6702278422433325,3.127846277541474,3.2228938289425497,4.407035545356356,4.559164233380361,4.538908388495683,5.161911421703339,4.705712530957138,5.682681998189183,5.532468508571314,0.29375022722178556,0.13902118617758857,0.038455392462051395,0.022379742517198493,0.021816547021705265,0.017247681804998524,1.4356747715211994e-06,0.0004485791894776543,0.015840748393520062,0.003727003237486002
40.0,264.7104626811256,0.0009974048345374122,2.8252343823739072,0.8395626866982941,0.0035327132188570655,1.11000542091233e-09,2.4388918599654863e-05,1.6702278422433325,3.127846277541474,3.2228938289425497,4.407035545356356,4.559164233380361,4.538908388495683,5.161911421703339,4.705712530957138,5.682681998189183,5.532468508571314,0.2937216218971483,0.15219840981003546,0.023545282791751963,0.03299482790505711,0.02910257945353197,0.0006801249184030942,0.0002014238217809592,0.0014811176067715988,0.01859974328433751,0.0002448673027451557
149.0,262.8713467631046,0.0010415569741525396,3.008179564491448,0.8966775577022866,0.0035504484884350436,2.401713272703887e-10,2.534536034155127e-05,1.6702278422433325,3.127846277541474,3.2228938289425497,4.407035545356356,4.559164233380361,4.538908388495683,5.161911421703339,4.705712530957138,5.682681998189183,5.532468508571314,0.2937086405113934,0.15947743196067746,0.015163281362480116,0.03795060850040335,0.015926248469908342,0.010801541242787635,8.490695839417482e-05,0.0004669751500738155,0.01890252708682639,0.0001836866703585277
