36.0,513.9898936027608,0.0004637653715432266,0.9837305703683312,0.2808139717450033,0.0018168165157833643,1.484611489299681e-09,1.272624187157595e-05,1.6702278422433325,3.127846277541474,3.2228938289425497,4.407035545356356,4.559164233380361,4.538908388495683,5.161911421703339,4.705712530957138,5.682681998189183,5.532468508571314,0.2941512276708217,0.0006473279990021331,0.18796828834731222,0.03186248326008615,0.003447409625267766,0.00038719562889386527,0.003065699118477119,0.00481176135716166,0.023587125511020515,0.0020488631974737797
53.0,430.4839929250303,0.0003632374663361824,0.8210119931124115,0.23927182559541788,0.0021390474136602972,8.271988699570798e-08,1.011994447629172e-05,1.6702278422433325,3.127846277541474,3.2228938289425497,4.407035545356356,4.559164233380361,4.538908388495683,5.161911421703339,4.705712530957138,5.682681998189183,5.532468508571314,0.2941216709714635,0.007121574078933353,0.1818716917468138,0.020573345733088444,0.010903911595675567,0.003576781237101835,0.0073722343798125175,0.004229146782743502,0.019007263887158458,0.0026208803659918435
49.0,415.3473729408443,1.919486462743505e-05,0.045489318305188646,0.014398941997941303,0.0023913502634825084,4.1990414478831894e-09,1.2073964526099212e-06,1.6702278422433325,3.127846277541474,3.2228938289425497,4.407035545356356,4.559164233380361,4.538908388495683,5.161911421703339,4.705712530957138,5.682681998189183,5.532468508571314,0.29402051732935625,0.0415979246795011,0.14464375619946052,0.009176730364478131,0.019979798262800167,0.01737026819105654,0.00031301810031453736,0.0018264285589637708,0.02115952289731828,0.0022300797360059253
88.0,401.2821036948622,0.00015643073671624402,0.1416794505221509,0.034630303615263876,0.002432465603353804,5.814684012062088e-09,5.373216669664338e-06,1.6702278422433325,3.127846277541474,3.2228938289425497,4.407035545356356,4.559164233380361,4.538908388495683,5.161911421703339,4.705712530957138,5.682681998189183,5.532468508571314,0.2940608667169629,0.034150854478290436,0.15183913630943713,0.02212624120476682,0.0028154750870279773,0.018249751358221208,0.0014544281419421956,0.0009119058164208829,0.009290834052802406,0.015772145094019672
75.0,389.5360736374131,0.0002610685939911846,1.0880216815668218,0.3381842558924603,0.002511576651775093,2.3051562880738174e-09,5.3274529120683756e-06,1.6702278422433325,3.127846277541474,3.2228938289425497,4.407035545356356,4.559164233380361,4.538908388495683,5.161911421703339,4.705712530957138,5.682681998189183,5.532468508571314,0.29393811570395273,0.08307819804393962,0.09712602717138678,0.05024292671186129,0.0005467348817164692,0.0015724737911142618,0.0018695955255936627,0.0006109079162134618,0.0228215928276114,0.0005708587514544891
114.0,367.90323645496255,0.0002391268932469121,0.8000938715573005,0.2402471460159384,0.0026387831158858643,2.7882487763086772e-08,5.144041149728051e-06,1.6702278422433325,3.127846277541474,3.2228938289425497,4.407035545356356,4.559164233380361,4.538908388495683,5.161911421703339,4.705712530957138,5.682681998189183,5.532468508571314,0.293944566890327,0.07162212752824497,0.11149897384067681,0.01425790284525765,0.00022701182818701793,0.0376994445652588,1.2318609981327026e-05,0.0005142545984687155,0.020966494767656472,0.0015719109124267016
130.0,344.84011722586797,2.710094022727262e-06,0.02852892635470771,0.006103586597616268,0.002875273638555191,2.0047498328068514e-08,4.57348107676947e-07,1.6702278422433325,3.127846277541474,3.2228938289425497,4.407035545356356,4.559164233380361,4.538908388495683,5.161911421703339,4.705712530957138,5.682681998189183,5.532468508571314,0.29401407694570414,0.04092310467461132,0.1458611568448543,0.013900326361886017,0.021147449631145336,0.0047252230478185,0.0032273597512240616,0.005144968566777474,0.01206728763091551,0.01182228798917198
101.0,340.40642786276146,0.00030951508711487874,0.9978834966782746,0.2980463507995786,0.0028573333035780924,1.2796632919975792e-08,6.7534919828207696e-06,1.6702278422433325,3.127846277541474,3.2228938289425497,4.407035545356356,4.559164233380361,4.538908388495683,5.161911421703339,4.705712530957138,5.682681998189183,5.532468508571314,0.29392387171439316,0.07949178031580918,0.10301654170713695,0.021979043970902414,0.027546204214169454,0.0001403046962466215,0.0010577951451974125,0.002674808613013569,0.014377738467070439,0.007205093751352717
23.0,312.2290363577304,0.0004391555004888176,1.3323163486191967,0.396137292773121,0.0030709910739758883,3.139174720168114e-08,1.0039425447617989e-05,1.6702278422433325,3.127846277541474,3.2228938289425497,4.407035545356356,4.559164233380361,4.538908388495683,5.161911421703339,4.705712530957138,5.682681998189183,5.532468508571314,0.29388575550462165,0.09279819324783328,0.08862101911612238,0.024950572033665314,0.023039756682630263,0.001926994990654562,0.004144508425210374,0.002565459391081169,0.015751688960518675,0.004053823386660781
146.0,288.964078690979,0.0006202076281894787,1.8306300903827453,0.543934480029533,0.003301060730611809,1.4015108240617025e-08,1.455619142207154e-05,1.6702278422433325,3.127846277541474,3.2228938289425497,4.407035545356356,4.559164233380361,4.538908388495683,5.161911421703339,4.705712530957138,5.682681998189183,5.532468508571314,0.2938325234861529,0.1126250983473931,0.06693076204211078,0.02212053011415415,0.002667528885543079,0.03130362159462759,0.0003716178077643868,4.292249454457449e-05,0.008317337195325656,0.013084171657876778
112.0,287.0820044939168,0.0001418296156441271,0.6333418854663173,0.20024748608345624,0.0030820605045003314,3.698141097796537e-07,3.1450652877920704e-06,1.6702278422433325,3.127846277541474,3.2228938289425497,4.407035545356356,4.559164233380361,4.538908388495683,5.161911421703339,4.705712530957138,5.682681998189183,5.532468508571314,0.29405657377019423,0.014588591546994408,0.17614460064399423,0.007089070644602344,0.0130908546921814,0.0009894201647583966,0.007910010505389973,0.019438406133248612,0.020826704218473966,0.00022105338372769808
68.0,281.0867385619629,0.0002996162604983372,1.1287843987855881,0.34079524145744405,0.003329671153201891,1.7003685981453742e-07,5.7912688394071155e-06,1.6702278422433325,3.127846277541474,3.2228938289425497,4.407035545356356,4.559164233380361,4.538908388495683,5.161911421703339,4.705712530957138,5.682681998189183,5.532468508571314,0.29392678211665113,0.08470006486831502,0.09674284702315583,0.03341209606629976,0.010935706461328564,7.864434051906976e-05,0.0017173226370080774,0.005299908826292857,0.0009627380910625938,0.02219981667403759
77.0,277.7925343831483,7.5874940883788596e-06,0.3703940319385226,0.12056207506424214,0.0034608932830588256,1.2523696513166982e-07,1.3678516363052617e-06,1.6702278422433325,3.127846277541474,3.2228938289425497,4.407035545356356,4.559164233380361,4.538908388495683,5.161911421703339,4.705712530957138,5.682681998189183,5.532468508571314,0.2940126429175396,0.054525232083888216,0.12906358386508704,0.032945372606140805,0.013134946398355175,0.0007827358024573171,0.0017411007997802546,0.000535836345691887,0.023531651237498733,0.0021575856103230344
62.0,271.36421782722323,0.0008035169876273464,2.3099050605591023,0.6846540388667819,0.0034846438145985496,8.407990526038134e-09,1.920324259758327e-05,1.6702278422433325,3.127846277541474,3.2228938289425497,4.407035545356356,4.559164233380361,4.538908388495683,5.161911421703339,4.705712530957138,5.682681998189183,5.532468508571314,0.2937786278079799,0.1316944888816601,0.046279195776332535,0.0184817595491663,0.001587501079770644,0.038849274674542085,0.0017079078433000138,0.0009491340981892706,0.014176446940211937,0.004103681238715454
137.0,270.21587873090033,0.0002717573349170472,0.6300235071316135,0.17704536243979185,0.0033050526670845254,3.304294123318563e-07,6.5262690641595955e-06,1.6702278422433325,3.127846277541474,3.2228938289425497,4.407035545356356,4.559164233380361,4.538908388495683,5.161911421703339,4.705712530957138,5.682681998189183,5.532468508571314,0.2939349730551388,0.06485536857076139,0.12077427169140224,0.010186245908449403,0.019844226040094514,0.003651513184825684,0.008580192915367367,0.01411290634158565,0.010751279195587115,0.004608849189683237
10.0,269.51098951740687,0.0004649526103954623,0.9560137148501381,0.27041048918815935,0.0035549940744650146,3.151295702163992e-08,1.239168061113044e-05,1.6702278422433325,3.127846277541474,3.2228938289425497,4.407035545356356,4.559164233380361,4.538908388495683,5.161911421703339,4.705712530957138,5.682681998189183,5.532468508571314,0.29387817077060924,0.07782586560932765,0.10707229509419937,0.013459192733014946,0.022357153983958922,0.005719671608455237,0.0008046933189207288,0.009288102146370826,0.006479239542000628,0.017447127516708925
52.0,263.64552466107494,0.0003815700033962786,0.9007626502308302,0.2626290868921288,0.002765619876018672,9.274406390091805e-07,9.991113235942317e-06,1.6702278422433325,3.127846277541474,3.2228938289425497,4.407035545356356,4.559164233380361,4.538908388495683,5.161911421703339,4.705712530957138,5.682681998189183,5.532468508571314,0.29412706101003283,0.003948455262826708,0.18529953101409014,0.017681016080101933,0.0012075594506776805,0.0186188553059536,0.0009069278841946104,0.003158577115910883,0.017878397910134534,0.010836195747582147
133.0,255.52040165766485,0.001096068709182384,3.2742534560591703,0.9809149653345126,0.0036396317866507345,9.76008329711675e-09,2.6418995566213077e-05,1.6702278422433325,3.127846277541474,3.2228938289425497,4.407035545356356,4.559164233380361,4.538908388495683,5.161911421703339,4.705712530957138,5.682681998189183,5.532468508571314,0.2936926132505005,0.17006397885965302,0.0028008605295219238,0.04970641826280738,0.0037455211626610846,0.012689289134411388,0.0002481867972012778,0.0001227518706985761,0.01668053522769338,0.0024200873392618374
107.0,233.62828284171877,0.0006451403939667579,2.130560851326321,0.6387713963070921,0.003908405180784314,2.3147358563235798e-07,1.4042491872187646e-05,1.6702278422433325,3.127846277541474,3.2228938289425497,4.407035545356356,4.559164233380361,4.538908388495683,5.161911421703339,4.705712530957138,5.682681998189183,5.532468508571314,0.29382519288217057,0.12455874222528712,0.0530127901757177,0.03505629245984366,0.011124806805078881,0.0070223886732346695,0.0024851153308388238,0.0024521521702307566,0.0031012718735090434,0.016555769160313837
51.0,232.68041288249205,0.0003366316898888739,0.9261701018824481,0.27067548089362403,0.003153568162031111,1.0692163408543287e-06,7.4955850983618455e-06,1.6702278422433325,3.127846277541474,3.2228938289425497,4.407035545356356,4.559164233380361,4.538908388495683,5.161911421703339,4.705712530957138,5.682681998189183,5.532468508571314,0.29391589902985193,0.07663844805980491,0.1070334057329016,0.01830386034425898,0.014527391325160958,0.009585715861294319,0.0017540628789126014,0.00794537612905369,0.010680256133930154,0.01112677176239271
124.0,231.87950020762713,0.00040603721436675063,1.0061946427859365,0.2932429951781809,0.0033251256785186206,8.878930174982536e-07,9.956606936596668e-06,1.6702278422433325,3.127846277541474,3.2228938289425497,4.407035545356356,4.559164233380361,4.538908388495683,5.161911421703339,4.705712530957138,5.682681998189183,5.532468508571314,0.29389549277333477,0.07982246416282093,0.10372146728914591,0.03125315856947882,0.0026044858399076605,0.005909597465622652,0.0151593709651268,0.004894653114938555,0.01635219861514626,0.00016358311384812428
48.0,230.9614302667621,0.00012070276615064299,0.7891127663573593,0.2504934705121552,0.003979432047330683,3.3202166555001966e-07,1.8273544371699701e-06,1.6702278422433325,3.127846277541474,3.2228938289425497,4.407035545356356,4.559164233380361,4.538908388495683,5.161911421703339,4.705712530957138,5.682681998189183,5.532468508571314,0.2940503621622076,0.008390780381339247,0.18351854557100084,0.00861981322563046,0.002944515809878352,0.021483555849666366,0.011784342050767936,0.0008320391622102493,0.014216138654083171,0.009370329761310662
126.0,227.40055132154473,0.0003051800886063786,0.784786281254575,0.24596921382614528,0.003874425213767893,4.276789061785635e-07,9.542259750638937e-06,1.6702278422433325,3.127846277541474,3.2228938289425497,4.407035545356356,4.559164233380361,4.538908388495683,5.161911421703339,4.705712530957138,5.682681998189183,5.532468508571314,0.2941046012388798,0.008562922552743114,0.1828545796836249,0.0010512626396407955,0.00040798956566001415,0.008287902722736787,0.027517896361541005,0.01734726576246168,0.0032776471028810985,0.0038500313956753205
132.0,223.47279025352438,0.00047679826705630606,0.9453094330649097,0.27318879714616273,0.00225473026989446,2.086309475346493e-06,1.3377796686406263e-05,1.6702278422433325,3.127846277541474,3.2228938289425497,4.407035545356356,4.559164233380361,4.538908388495683,5.161911421703339,4.705712530957138,5.682681998189183,5.532468508571314,0.2941550595359506,0.002176028051375084,0.18684924135898126,0.010554914811747957,0.0005009783325012721,0.026031456411610965,0.0006893006166045031,0.003555905660772709,0.014339538496170085,0.010667559798116446
138.0,221.6580843706425,0.000645770227500973,1.3501317514900293,0.3825868890598766,0.00413606190445715,2.0464081262883127e-07,1.7075014888692785e-05,1.6702278422433325,3.127846277541474,3.2228938289425497,4.407035545356356,4.559164233380361,4.538908388495683,5.161911421703339,4.705712530957138,5.682681998189183,5.532468508571314,0.2938250077017435,0.09350703242369135,0.09060963436281858,0.017833868067859138,0.0071112926202621845,0.015114157354919907,0.014981303783109743,0.004311671077791304,0.0027087181799674365,0.015026338140238767
118.0,219.8936964246237,0.0006135138641431572,1.3298143101910127,0.3836260442372883,0.0041809137497987765,2.0017919760695335e-07,1.6655901469944667e-05,1.6702278422433325,3.127846277541474,3.2228938289425497,4.407035545356356,4.559164233380361,4.538908388495683,5.161911421703339,4.705712530957138,5.682681998189183,5.532468508571314,0.2938344915523439,0.09269864215318457,0.09045713117005655,0.028144294259280597,0.008827764621231728,0.009323244008278482,0.005137815396699305,0.0036286106959450156,0.013688186687690531,0.011308601849308805
66.0,218.68233126898502,0.0011443454041715315,3.1800020588493902,0.9428886495100919,0.004069629079387901,2.227539026566916e-07,2.804601653515898e-05,1.6702278422433325,3.127846277541474,3.2228938289425497,4.407035545356356,4.559164233380361,4.538908388495683,5.161911421703339,4.705712530957138,5.682681998189183,5.532468508571314,0.293678419184118,0.1663139046566704,0.008381484769537413,0.04868527428332955,0.0011728432805945693,0.0031413300308055256,0.00020453731339027217,0.009795426021977466,0.004728708740903394,0.015966254808151226
96.0,210.67625373791887,0.000340509072956986,0.9495787937347607,0.2886332405513656,0.0035374876583704543,1.1195601165026048e-06,8.957165782294552e-06,1.6702278422433325,3.127846277541474,3.2228938289425497,4.407035545356356,4.559164233380361,4.538908388495683,5.161911421703339,4.705712530957138,5.682681998189183,5.532468508571314,0.2941149884857535,0.0020061587466728694,0.1891158199999042,0.0002201921169028209,0.012525291168490764,0.004071564822067285,0.003942385810831811,0.02632416398407484,0.01013554275114027,0.00813893418494824
59.0,209.81241600399017,0.001055749935848542,2.592160246607487,0.7467042912464659,0.004442849319611004,6.205357655497679e-08,2.6125927405078186e-05,1.6702278422433325,3.127846277541474,3.2228938289425497,4.407035545356356,4.559164233380361,4.538908388495683,5.161911421703339,4.705712530957138,5.682681998189183,5.532468508571314,0.29370446756955215,0.1429248570586135,0.03717289307459248,0.0009742614711257622,0.019907916170176874,0.011765741413151344,0.005109186209860309,0.028470123636907242,0.008849918706648374,0.0018219140240931233
111.0,209.12040321030787,0.0010152693923629991,2.755795440016467,0.8131576203642249,0.004216264016080234,3.1381871828939367e-07,2.5185142723545273e-05,1.6702278422433325,3.127846277541474,3.2228938289425497,4.407035545356356,4.559164233380361,4.538908388495683,5.161911421703339,4.705712530957138,5.682681998189183,5.532468508571314,0.29371636945143453,0.14943557345825761,0.02742040847901327,0.03069301253074971,0.018146360463165864,0.0034486670742324347,0.0036190248809577965,0.008688756070805681,0.010249245664763516,0.008161717204121822
0.0,207.9733834780701,0.0009481048642185559,2.4436833259101056,0.7099885961683762,0.004284387404955291,2.927833973598304e-07,2.3113679588022962e-05,1.6702278422433325,3.127846277541474,3.2228938289425497,4.407035545356356,4.559164233380361,4.538908388495683,5.161911421703339,4.705712530957138,5.682681998189183,5.532468508571314,0.29373611682169765,0.13701725795102415,0.04256117467641463,0.003090921124241351,0.024928031984442444,0.023701078662362592,0.011307512678788153,0.003253832593159285,0.011286028995195443,0.0008512802965347015
64.0,202.73353433740124,0.00011819919085275362,0.3483771398312483,0.10210794658797208,0.003963401359989823,9.382331933038834e-07,3.094852068230569e-06,1.6702278422433325,3.127846277541474,3.2228938289425497,4.407035545356356,4.559164233380361,4.538908388495683,5.161911421703339,4.705712530957138,5.682681998189183,5.532468508571314,0.29404962607383245,0.025926767669593977,0.1617419460312975,0.022835921725317405,0.004229161782629854,0.009896933799113593,7.423704767065692e-05,0.009803506342243393,0.013418946875789471,0.010918813262745429
19.0,201.36165989042027,0.0003295446906451467,0.7156238429532338,0.2054401018623082,0.003784811851089406,1.0966612746243776e-06,8.471557447965739e-06,1.6702278422433325,3.127846277541474,3.2228938289425497,4.407035545356356,4.559164233380361,4.538908388495683,5.161911421703339,4.705712530957138,5.682681998189183,5.532468508571314,0.29391798271303987,0.06826123437895545,0.11660714774908086,0.007728686659942942,0.02521810646225089,0.01784646010637021,0.0019461508560854595,0.001159528436320338,0.015190980776695985,0.0060257294649928
116.0,197.60984953083877,6.084566951873664e-06,0.3556869861012563,0.12824187391255043,0.0038904716900878106,1.1695898100017033e-06,4.15001330730802e-08,1.6702278422433325,3.127846277541474,3.2228938289425497,4.407035545356356,4.559164233380361,4.538908388495683,5.161911421703339,4.705712530957138,5.682681998189183,5.532468508571314,0.2940166627068403,0.025635923536388053,0.16557728019797696,0.008600002614652649,0.006875839525734045,2.476992782296961e-05,0.04175443679139191,0.006002278436689218,0.0026078543890658995,0.00038322311662863034
9.0,195.67645915330178,0.0002093196003993235,0.7913347537731763,0.24540082897840887,0.0044891325246422635,5.718914621866134e-07,4.9452788594347985e-06,1.6702278422433325,3.127846277541474,3.2228938289425497,4.407035545356356,4.559164233380361,4.538908388495683,5.161911421703339,4.705712530957138,5.682681998189183,5.532468508571314,0.29407641682954166,0.008302371955214154,0.18277116528519669,0.010192885757813202,0.01576895000018618,0.004852769053853926,0.011763893312503952,0.005689958643942082,0.013789915836303877,0.004108862614430577
81.0,175.34697849949183,0.0010734273748225266,2.356890576869056,0.6784989898717134,0.005097048618417126,3.2000951843969005e-07,2.8592008699035443e-05,1.6702278422433325,3.127846277541474,3.2228938289425497,4.407035545356356,4.559164233380361,4.538908388495683,5.161911421703339,4.705712530957138,5.682681998189183,5.532468508571314,0.29369927013956393,0.13356394841057936,0.04718249168801017,0.0354667431637705,0.0028288413670236093,0.0007154703208632628,0.004002512943286834,0.015199511271847757,0.004037900315037778,0.02018733804491696
47.0,172.83072451684694,0.0008184068350373066,1.7884455124096754,0.5058775260643326,0.00542582915988285,1.5078297793680306e-07,2.0939612428494403e-05,1.6702278422433325,3.127846277541474,3.2228938289425497,4.407035545356356,4.559164233380361,4.538908388495683,5.161911421703339,4.705712530957138,5.682681998189183,5.532468508571314,0.29377424997137347,0.11094665853319687,0.07251588264069789,0.017423145670186414,0.0029749140560394577,0.0005640164214746401,0.014360077016995326,0.026893289662614995,0.009733117217223388,0.005010189320542977
85.0,171.88723934142354,0.001515634292276457,3.4045642687103874,0.9784880261501089,0.005228514073273347,1.9110122967402887e-07,3.9815222785621884e-05,1.6702278422433325,3.127846277541474,3.2228938289425497,4.407035545356356,4.559164233380361,4.538908388495683,5.161911421703339,4.705712530957138,5.682681998189183,5.532468508571314,0.2935692547285557,0.1752487849353164,0.00315703060142851,0.019416328294314004,0.004763760623332371,0.018052266161835473,0.021244932044350375,0.012152317300795858,0.003989618422091309,0.0043023563044977025
5.0,171.73017484325342,0.00037648475729274556,0.9432128400555971,0.27636609200149576,0.004716715648043751,1.0051961749635296e-06,1.0117664069893284e-05,1.6702278422433325,3.127846277541474,3.2228938289425497,4.407035545356356,4.559164233380361,4.538908388495683,5.161911421703339,4.705712530957138,5.682681998189183,5.532468508571314,0.2941255658720417,0.0022594472853719755,0.18731553130327191,0.022845602179306163,0.010037879538383693,0.0014987710060782493,0.002029411731229695,0.004813035827017129,0.02877693832058404,0.0018934832140228546
90.0,168.35927941663778,0.0008872926269199849,2.116743421042814,0.6184500791156349,0.00554751608829077,1.5746996989696171e-07,2.346924879843837e-05,1.6702278422433325,3.127846277541474,3.2228938289425497,4.407035545356356,4.559164233380361,4.538908388495683,5.161911421703339,4.705712530957138,5.682681998189183,5.532468508571314,0.29375399652396966,0.1240089743662244,0.05599508369663933,0.03072720511904732,0.009302077849394626,0.010709196807520114,0.0007523487989843545,0.006535947653837793,0.021959118529732907,0.004972488889433689
113.0,168.24584665752457,0.0013448822869467348,2.768452840964981,0.7851029791862165,0.005447744786514249,1.3236620949319544e-07,3.6357213119370124e-05,1.6702278422433325,3.127846277541474,3.2228938289425497,4.407035545356356,4.559164233380361,4.538908388495683,5.161911421703339,4.705712530957138,5.682681998189183,5.532468508571314,0.2936194583578459,0.14993918607492984,0.03153762065717503,0.0033272391738827078,0.012148987535511727,0.029397386551958022,0.010708155848887308,0.009872101142190545,0.00015165492803806795,0.016700890733277244
136.0,167.93549703555314,0.001093252037996362,2.601022733473521,0.7544542957083876,0.004831075216897571,8.437173480424498e-07,2.798746593948853e-05,1.6702278422433325,3.127846277541474,3.2228938289425497,4.407035545356356,4.559164233380361,4.538908388495683,5.161911421703339,4.705712530957138,5.682681998189183,5.532468508571314,0.29369344139372366,0.14327747764944265,0.036035526442491514,0.01491126034531151,0.026559805102231746,0.015986368944883325,0.0028550397158739367,0.0009070921114162238,0.0017464761424295326,0.017098549557274453
43.0,167.6362431057598,0.00044223808071601126,1.4221762544149739,0.4191507156142539,0.004868657873443272,1.0089987312889015e-06,8.76405259671309e-06,1.6702278422433325,3.127846277541474,3.2228938289425497,4.407035545356356,4.559164233380361,4.538908388495683,5.161911421703339,4.705712530957138,5.682681998189183,5.532468508571314,0.2938848491801853,0.0963735388085697,0.08524364051478878,0.01787252175599243,0.019476743601813548,0.0073264849508919054,0.006628280994536452,0.0037297924341182383,0.004615323765711559,0.012885365040983065
82.0,165.7691303816151,0.0006355805169716577,0.98283981811206,0.2682899251200688,0.0053762730094534285,4.6805373382641235e-07,1.881595085205523e-05,1.6702278422433325,3.127846277541474,3.2228938289425497,4.407035545356356,4.559164233380361,4.538908388495683,5.161911421703339,4.705712530957138,5.682681998189183,5.532468508571314,0.2942017438791138,0.0006827692460963965,0.18613029808549178,0.016674560030370635,0.0028679747361779265,0.021688233415340333,0.001791537258011755,0.004198313476681195,0.018405118679796596,0.0015733196217131637
4.0,164.9042049278365,0.0006210127835004389,1.3336403505438168,0.38664699321754264,0.004276568496742324,1.6203472009701514e-06,1.6721105052665275e-05,1.6702278422433325,3.127846277541474,3.2228938289425497,4.407035545356356,4.559164233380361,4.538908388495683,5.161911421703339,4.705712530957138,5.682681998189183,5.532468508571314,0.2938322867585158,0.09285087263094276,0.09001378606176628,0.017722346422050547,0.0019914665382368083,0.03383881257952355,0.00012714839555154692,0.0021836533264874202,0.0198529854155729,0.004987905586807811
97.0,164.54122082252863,0.0005105316822827244,1.0789522750617524,0.3047138346450813,0.004388374653413025,1.5524533381050531e-06,1.3667644780161747e-05,1.6702278422433325,3.127846277541474,3.2228938289425497,4.407035545356356,4.559164233380361,4.538908388495683,5.161911421703339,4.705712530957138,5.682681998189183,5.532468508571314,0.2938647698455425,0.08271734453536697,0.10203804244520666,0.020985572029273893,0.005893647007931219,0.0016303006851327642,0.010435474134814547,0.020980644572069815,0.013060186030036088,0.0007177170961969984
125.0,162.99541294078824,0.0005598560840608536,0.6945161887689203,0.18852458602899094,0.0053352819565829854,6.171189889658812e-07,1.8274103150341114e-05,1.6702278422433325,3.127846277541474,3.2228938289425497,4.407035545356356,4.559164233380361,4.538908388495683,5.161911421703339,4.705712530957138,5.682681998189183,5.532468508571314,0.29417947976953146,0.012154588619802563,0.1744241841695375,0.009187096035413359,0.02609047710114461,0.00603739015021539,0.001653536658692684,0.0016204710615698266,0.01596723245799531,0.0015334824105231006
16.0,161.1328377583643,0.00023327775425505015,0.0727905952672947,0.014711507343898296,0.005011664801182643,1.0987684950225507e-06,9.562633702490941e-06,1.6702278422433325,3.127846277541474,3.2228938289425497,4.407035545356356,4.559164233380361,4.538908388495683,5.161911421703339,4.705712530957138,5.682681998189183,5.532468508571314,0.2940834608831229,0.03689180396670219,0.14891591551105188,0.0008279625531593663,0.008564010082914918,0.01815514708303734,0.009736667999753727,0.017792314579900416,0.0077645246321120165,0.0025453759790101094
123.0,159.53207452003755,0.001151358153344634,2.8552875049492092,0.8284293014570245,0.005653324223527806,3.2512744563284457e-07,2.898802823203539e-05,1.6702278422433325,3.127846277541474,3.2228938289425497,4.407035545356356,4.559164233380361,4.538908388495683,5.161911421703339,4.705712530957138,5.682681998189183,5.532468508571314,0.2936763573315552,0.15339416332696074,0.025179183899546355,0.0018612991023648608,0.012806432054742486,0.024097763997285283,0.007411361214454878,0.025226334649110282,0.007124857304783055,0.002481081145974515
119.0,156.21829987028732,0.0009578481402393554,2.337996631181882,0.6729321367638762,0.00556143811161227,6.002354434597734e-07,2.3962514572248295e-05,1.6702278422433325,3.127846277541474,3.2228938289425497,4.407035545356356,4.559164233380361,4.538908388495683,5.161911421703339,4.705712530957138,5.682681998189183,5.532468508571314,0.29373325215362844,0.1328121961775984,0.04799946579451173,0.006111125086555571,0.018086395869705996,0.010906883273577302,0.002398971087080044,0.02112056267071686,0.001835400904530896,0.018401644066346198
8.0,155.7672557716144,0.0011845312331851064,2.8292917355354863,0.8191391693451423,0.004978201293737165,1.1351226230083e-06,3.0651056673672294e-05,1.6702278422433325,3.127846277541474,3.2228938289425497,4.407035545356356,4.559164233380361,4.538908388495683,5.161911421703339,4.705712530957138,5.682681998189183,5.532468508571314,0.2936666039526739,0.152359843760874,0.026542574891613508,0.01997294986815408,0.0217493543735209,0.010716250742344885,0.011484033402805165,0.0022971509805964694,0.008959031299006381,0.006013719565620969
122.0,153.7428158131444,0.0009559905687806289,1.7488323042998244,0.4904176574250859,0.00603734283581125,1.9543519941267462e-07,2.7159093129336398e-05,1.6702278422433325,3.127846277541474,3.2228938289425497,4.407035545356356,4.559164233380361,4.538908388495683,5.161911421703339,4.705712530957138,5.682681998189183,5.532468508571314,0.29373379830726637,0.10937052837250022,0.07478472504115542,0.00750339511656373,0.026491446277239684,0.015186735297351763,0.000633095674254115,0.00640135472559189,0.025394974268319822,0.001630530761799483
117.0,153.15671426090145,0.0008206857071829186,1.9513489498946899,0.5624221128406683,0.004592696478020625,1.7239923028045112e-06,2.1257116592787728e-05,1.6702278422433325,3.127846277541474,3.2228938289425497,4.407035545356356,4.559164233380361,4.538908388495683,5.161911421703339,4.705712530957138,5.682681998189183,5.532468508571314,0.2937735799490673,0.11742825983115995,0.06421757435696382,0.0025242526544391286,0.003332039651298727,0.047046627218352316,0.000660480662365986,0.0029993289769911554,0.005182105291176732,0.015018614655598322
127.0,149.95888344788958,0.0010089068833117605,2.3934602121168,0.6863872166944818,0.005349008182781128,1.0686170865970013e-06,2.5086930065178203e-05,1.6702278422433325,3.127846277541474,3.2228938289425497,4.407035545356356,4.559164233380361,4.538908388495683,5.161911421703339,4.705712530957138,5.682681998189183,5.532468508571314,0.29371824012373,0.13501898090680656,0.04602483997067998,0.003983698090293942,0.009175535483634182,0.014369867006610438,0.0037797949344448418,0.030050920830844888,0.002291691114113952,0.015097463323866163
31.0,148.89723830657644,0.0003565122341940855,1.0347613642880291,0.30247822805512176,0.00578365077340113,8.528441668986808e-07,7.954634678584982e-06,1.6702278422433325,3.127846277541474,3.2228938289425497,4.407035545356356,4.559164233380361,4.538908388495683,5.161911421703339,4.705712530957138,5.682681998189183,5.532468508571314,0.2939100538541279,0.08095907675998326,0.1023661331386273,0.02544971510572235,0.003836733366061208,0.010669596737201479,0.0038032357967679293,0.008243456004983107,0.011054310036197945,0.00881917399199086
38.0,148.23028318044354,9.840713671602122e-05,0.6890257778763289,0.22931522496596296,0.006299300708930414,3.8014869124802786e-07,6.681039602447758e-06,1.6702278422433325,3.127846277541474,3.2228938289425497,4.407035545356356,4.559164233380361,4.538908388495683,5.161911421703339,4.705712530957138,5.682681998189183,5.532468508571314,0.2940438069155341,0.06720295067550916,0.1131033086882365,0.033702127572567485,0.000901413517478815,0.0048976162841818825,0.00321798536042946,0.011901034820019904,0.00012459238367607006,0.01570408619795012
1.0,146.36481838915745,0.000629724950726344,0.9275625813190557,0.24432850203429962,0.005530899399092815,1.1173926998120365e-06,1.839508608833529e-05,1.6702278422433325,3.127846277541474,3.2228938289425497,4.407035545356356,4.559164233380361,4.538908388495683,5.161911421703339,4.705712530957138,5.682681998189183,5.532468508571314,0.29382972525176876,0.07669385202587857,0.1109000066824234,0.006949700926902396,0.005439006732858477,0.010852474237355388,0.0010376982154102063,0.025865600042240984,0.011400390819384222,0.0154507399410642
149.0,144.33647696747323,0.000595360808018762,0.9018192527028065,0.24222173372521782,0.006129699550787055,6.240899822484991e-07,1.744660334720982e-05,1.6702278422433325,3.127846277541474,3.2228938289425497,4.407035545356356,4.559164233380361,4.538908388495683,5.161911421703339,4.705712530957138,5.682681998189183,5.532468508571314,0.2938398288208486,0.07566957657319931,0.11120918946910315,0.019824780347044883,0.011629954386940216,0.0007166611453573218,0.0033740855366180184,0.01419649659645161,0.01673638560616695,0.012096189883271668
121.0,142.44392958282782,0.0010466903036243232,2.1179632353252456,0.5914208864386559,0.005127455631667863,1.6220747488526754e-06,2.707758054199677e-05,1.6702278422433325,3.127846277541474,3.2228938289425497,4.407035545356356,4.559164233380361,4.538908388495683,5.161911421703339,4.705712530957138,5.682681998189183,5.532468508571314,0.2937071312361768,0.1240575083318567,0.05996180423137828,0.0037404955733055818,0.01358306975879462,0.00040848042093950235,0.018691337370660116,0.031064105637886814,0.005427187280004513,0.0032850649769243165
28.0,142.41651716393983,0.00011397790074725945,0.280293058834187,0.09236993012498473,0.006343535071982569,6.372676860100235e-07,4.085470080392173e-06,1.6702278422433325,3.127846277541474,3.2228938289425497,4.407035545356356,4.559164233380361,4.538908388495683,5.161911421703339,4.705712530957138,5.682681998189183,5.532468508571314,0.294048384951755,0.02863569680315981,0.16031282492017168,0.015062321405304974,0.0015183064069224108,0.0024193751766422205,0.016560302553019577,0.013786650981021093,0.012576373289914225,0.006931412113054305
58.0,141.64103706298505,0.000949423911877654,2.1520032644435774,0.6112548592886722,0.005983469914210486,8.350352885266865e-07,2.4159560374957534e-05,1.6702278422433325,3.127846277541474,3.2228938289425497,4.407035545356356,4.559164233380361,4.538908388495683,5.161911421703339,4.705712530957138,5.682681998189183,5.532468508571314,0.2937357290020667,0.12541189286985258,0.05705103185538262,0.0167930487476041,0.0010326110218308133,0.0037859816407034494,0.01709988329537204,0.025822431251235557,0.006258233070386524,0.0058501301286366415
92.0,139.09399592541197,0.0011747822826670468,3.169903024120216,0.9353325524464909,0.005657922032208072,1.237702038581201e-06,2.9375885941457236e-05,1.6702278422433325,3.127846277541474,3.2228938289425497,4.407035545356356,4.559164233380361,4.538908388495683,5.161911421703339,4.705712530957138,5.682681998189183,5.532468508571314,0.2936694702891297,0.1659120843045688,0.0094903941529166,0.03464720472605032,0.0066536029723213725,0.016793733517139326,0.004506020097461759,0.005678363341449366,0.01253722615803399,0.0006409218137812643
33.0,136.140922534368,0.0013086599843929343,3.223676239918083,0.9298863373942997,0.006651392527421617,3.6978652506736154e-07,3.241509290054234e-05,1.6702278422433325,3.127846277541474,3.2228938289425497,4.407035545356356,4.559164233380361,4.538908388495683,5.161911421703339,4.705712530957138,5.682681998189183,5.532468508571314,0.29363010825355834,0.16805161279268413,0.010289663792314009,0.0004104626225815962,0.028776920962548004,0.01368680831408887,0.013995022779572234,0.013082772820939224,0.00836385364721536,0.0025464777761305657
22.0,134.8185568030986,0.0014994284630914009,3.309047512417704,0.9474469251511111,0.006544050721605019,4.7704484223976e-07,3.962809732775685e-05,1.6702278422433325,3.127846277541474,3.2228938289425497,4.407035545356356,4.559164233380361,4.538908388495683,5.161911421703339,4.705712530957138,5.682681998189183,5.532468508571314,0.29357401948337764,0.17144836463036836,0.0077125263657730455,0.004998520831726578,0.0030449656675545465,0.042066542011234484,0.0024111850789043385,0.009477983988120504,0.002067485212158585,0.01917802385724617
94.0,134.66794747983502,0.00045488782032062616,1.541983626520031,0.46749471800291154,0.004432043913563682,2.8825044370850428e-06,1.1112359812541495e-05,1.6702278422433325,3.127846277541474,3.2228938289425497,4.407035545356356,4.559164233380361,4.538908388495683,5.161911421703339,4.705712530957138,5.682681998189183,5.532468508571314,0.29388112996859245,0.1011404340351552,0.07814882457639463,0.030939414624007202,0.0037470480374696413,0.022686537022033375,6.0513159609546386e-05,0.0005835484083585352,0.014580283649344251,0.007088268306620405
56.0,130.9698911799433,0.00011778574979530771,0.800576553978347,0.27370385288251686,0.007498410253480125,6.645680739048032e-08,7.047561973123895e-06,1.6702278422433325,3.127846277541474,3.2228938289425497,4.407035545356356,4.559164233380361,4.538908388495683,5.161911421703339,4.705712530957138,5.682681998189183,5.532468508571314,0.29398024299130004,0.007934659246813755,0.18692482934232754,0.000895293298420231,0.011447890477047796,0.013110995700157198,0.029192650778340108,0.0004205730095873622,0.016011604176397836,0.003012777964356544
12.0,129.80600367226668,0.0010604064592669247,2.077159461782044,0.5808680472272812,0.007217495316971356,1.9886742308461436e-07,2.8744118048373846e-05,1.6702278422433325,3.127846277541474,3.2228938289425497,4.407035545356356,4.559164233380361,4.538908388495683,5.161911421703339,4.705712530957138,5.682681998189183,5.532468508571314,0.29370309848240717,0.12243400795861423,0.06151050620334693,0.0003785740947873177,0.031114725383193403,0.004835394594087952,0.0011916568164975511,0.015758409484027822,0.00045609420564959933,0.02749990422385161
83.0,129.73077413648875,0.0013781130565442804,2.4221681578272856,0.6716629171465085,0.0072593396537468475,5.752229276234644e-08,3.914093303422628e-05,1.6702278422433325,3.127846277541474,3.2228938289425497,4.407035545356356,4.559164233380361,4.538908388495683,5.161911421703339,4.705712530957138,5.682681998189183,5.532468508571314,0.29360968801731796,0.13616121253218927,0.04818573253134971,0.001152042271612234,0.013769543507813453,0.02131168354564628,0.006822387162199584,0.020849309768801973,0.011760892860578052,0.007199062704541373
129.0,123.62235240008545,0.0009345661673497054,2.610550443590366,0.7666663520184345,0.006272831821897755,1.5988320535842426e-06,2.1748813129787714e-05,1.6702278422433325,3.127846277541474,3.2228938289425497,4.407035545356356,4.559164233380361,4.538908388495683,5.161911421703339,4.705712530957138,5.682681998189183,5.532468508571314,0.29374009739994833,0.14365656614022812,0.03424332291220594,0.0007364604547675823,0.0017563099264157958,0.04074409293350094,0.0011914644204175302,0.023601019281345195,0.0015108210640266836,0.00649686422870897
106.0,119.2364009385894,0.0010375772188739054,1.8722709897255851,0.5237384292560161,0.006469054167451826,1.6187266674294598e-06,2.989198045906527e-05,1.6702278422433325,3.127846277541474,3.2228938289425497,4.407035545356356,4.559164233380361,4.538908388495683,5.161911421703339,4.705712530957138,5.682681998189183,5.532468508571314,0.2937098106186392,0.11428190627849479,0.06989467185182448,0.014234810411342655,0.008885199375193751,0.01740397082408942,0.00806265377157839,0.01383207009014559,0.012023410552389386,0.00652016699634767
41.0,116.71136180109141,0.0007047043012238957,0.7633894623753176,0.19522352727148407,0.007856756854762774,4.869732991852338e-07,2.2441595083549926e-05,1.6702278422433325,3.127846277541474,3.2228938289425497,4.407035545356356,4.559164233380361,4.538908388495683,5.161911421703339,4.705712530957138,5.682681998189183,5.532468508571314,0.2938076802074981,0.07016173264727879,0.11810650056765878,0.011174309949321257,0.027858542029595645,0.0077602182908321,0.004696953215614324,0.0038056110452310754,0.0226345074436139,0.0026456679873901362
141.0,114.63992656598728,0.00073126934648796,1.9359983088462815,0.561380783028475,0.007130189029636876,1.4142026643071404e-06,1.7857272128871116e-05,1.6702278422433325,3.127846277541474,3.2228938289425497,4.407035545356356,4.559164233380361,4.538908388495683,5.161911421703339,4.705712530957138,5.682681998189183,5.532468508571314,0.2937998696890685,0.11681748858851455,0.06437039669238566,0.0071491565297791115,0.03417734621331232,0.001358426806933861,0.01929109470180162,0.004739153283047987,0.0022176966445752967,0.00923143187292773
61.0,113.68588841687004,0.00044029539416296317,2.146330996032772,0.6507381549476369,0.0073532750371324935,1.3893466424552692e-06,5.354479213071084e-06,1.6702278422433325,3.127846277541474,3.2228938289425497,4.407035545356356,4.559164233380361,4.538908388495683,5.161911421703339,4.705712530957138,5.682681998189183,5.532468508571314,0.29388542035892695,0.12518620467774644,0.051256585771057725,0.006232694779484082,0.02340571561817031,0.009672122563313068,0.0007039480359798893,0.024309296077233318,0.001519476937478849,0.004485596734154593
91.0,112.31181141057472,0.0011761322919422751,3.013663567498638,0.8766883711425701,0.007349591188858,1.2617309416707023e-06,2.924608949656654e-05,1.6702278422433325,3.127846277541474,3.2228938289425497,4.407035545356356,4.559164233380361,4.538908388495683,5.161911421703339,4.705712530957138,5.682681998189183,5.532468508571314,0.2936690733663231,0.159695629449682,0.018096832421394572,0.020289558969720244,0.008045974829021222,0.020870939474524085,0.008299869901261003,0.006194078317469615,0.013421853658353316,0.0032492465494768042
39.0,110.9903085172477,0.0015204707271492843,2.9396467852318797,0.8259988280429815,0.007753668124824997,8.391843219213158e-07,4.169432134270429e-05,1.6702278422433325,3.127846277541474,3.2228938289425497,4.407035545356356,4.559164233380361,4.538908388495683,5.161911421703339,4.705712530957138,5.682681998189183,5.532468508571314,0.29356783274476717,0.15675065002249586,0.025535872644039732,0.018974719560590228,0.004007755850164089,0.0017725492515464928,0.026101566350978943,0.022681047143051056,0.002359826610847019,0.009779275959046116
20.0,109.53982610767697,0.0003678982400302773,1.2482482419843703,0.36891569080150816,0.007049534226647005,2.011853116046236e-06,6.771241520674154e-06,1.6702278422433325,3.127846277541474,3.2228938289425497,4.407035545356356,4.559164233380361,4.538908388495683,5.161911421703339,4.705712530957138,5.682681998189183,5.532468508571314,0.2939067061990594,0.08945329176819622,0.09261597704252966,0.014843204239824452,0.008748924106697278,0.00676330332373268,0.02334925173304886,0.016007265769005935,0.0005373534186669116,0.002374762581496162
148.0,107.09276801155663,0.00046908695976763073,0.9291736104214433,0.26281838221595777,0.008737042410042849,4.710445255518003e-07,1.2961175842068906e-05,1.6702278422433325,3.127846277541474,3.2228938289425497,4.407035545356356,4.559164233380361,4.538908388495683,5.161911421703339,4.705712530957138,5.682681998189183,5.532468508571314,0.2938769552104005,0.07675795164515181,0.1081864891801447,0.006485648535256169,0.015653186369428553,0.01716421751026869,0.004577751009324895,0.01697308717418837,0.00449709516441818,0.007655891275385171
40.0,104.85619265821113,0.00015560705289673042,0.6805953088935225,0.2062664593193648,0.008092639169781956,1.4153042310338648e-06,2.8927761954664066e-06,1.6702278422433325,3.127846277541474,3.2228938289425497,4.407035545356356,4.559164233380361,4.538908388495683,5.161911421703339,4.705712530957138,5.682681998189183,5.532468508571314,0.2940606245416687,0.01270847253080025,0.17702792649905233,0.013619759023328093,0.016974896588170935,0.006714020465691641,0.004908612679567238,0.004216522681509344,0.010996441829673255,0.017858146647651157
26.0,104.09546246551515,0.000811180207831733,1.822229059820061,0.5276494756434721,0.005719624996650235,3.6787474287924837e-06,2.0819424244908347e-05,1.6702278422433325,3.127846277541474,3.2228938289425497,4.407035545356356,4.559164233380361,4.538908388495683,5.161911421703339,4.705712530957138,5.682681998189183,5.532468508571314,0.293776374707259,0.11229083817805609,0.06932069880709306,0.011263710578769619,0.032368400241353526,0.008884122675490231,0.0033498382076742527,0.004790926530295372,0.010067196566823583,0.010958790211025742
32.0,102.73247163003921,0.0001621925128077767,0.4257866012255939,0.12890647695390348,0.009432816314736966,2.5561446215238703e-07,4.558987045967522e-06,1.6702278422433325,3.127846277541474,3.2228938289425497,4.407035545356356,4.559164233380361,4.538908388495683,5.161911421703339,4.705712530957138,5.682681998189183,5.532468508571314,0.2939671867424791,0.05672919140194508,0.12783898530894794,0.012392421420523839,0.009907257485222292,0.02044236908158877,0.0011141471082506493,0.013022950904718795,0.01830570966006362,0.0034713688302002877
54.0,101.42048622921403,0.0006934212442096418,2.235977217288667,0.6801796469760971,0.008603255784022844,1.0914519523175237e-06,1.652331610042107e-05,1.6702278422433325,3.127846277541474,3.2228938289425497,4.407035545356356,4.559164233380361,4.538908388495683,5.161911421703339,4.705712530957138,5.682681998189183,5.532468508571314,0.2938109975940817,0.1287530481588924,0.04693584366091272,0.04040282981755489,0.011398109056272481,0.014044736144784572,0.001186155541913903,0.00018577009070007682,0.015354113309369477,0.0016335484686689815
147.0,99.98769323617006,0.00017629926866806294,0.2985934745169965,0.09342989478248431,0.005187898036826287,4.760781634638445e-06,5.2551156393340626e-06,1.6702278422433325,3.127846277541474,3.2228938289425497,4.407035545356356,4.559164233380361,4.538908388495683,5.161911421703339,4.705712530957138,5.682681998189183,5.532468508571314,0.2940667083608764,0.02790755993954161,0.16046838204772815,0.017328925934716116,0.0020363543461359946,0.006222554356875865,0.009868466062845459,0.01005372112978608,0.005104277795351238,0.014993835123778025
34.0,96.58298461962605,0.0005214776512584586,0.9187559763580931,0.24592313711266806,0.006451574816260045,3.7543039568821435e-06,1.4791184472194574e-05,1.6702278422433325,3.127846277541474,3.2228938289425497,4.407035545356356,4.559164233380361,4.538908388495683,5.161911421703339,4.705712530957138,5.682681998189183,5.532468508571314,0.293861551567856,0.07634345486405764,0.11066598298122102,0.006263923990694109,0.012055817720650324,0.006164926428618901,0.006393239158568709,0.01919221637274536,0.006428393595590589,0.018586893533293344
135.0,96.22189333554155,0.0016981915586809905,2.9517657756088687,0.8173023810606488,0.009320671856804436,5.86843825145511e-07,4.851295397859806e-05,1.6702278422433325,3.127846277541474,3.2228938289425497,4.407035545356356,4.559164233380361,4.538908388495683,5.161911421703339,4.705712530957138,5.682681998189183,5.532468508571314,0.293515580176921,0.15723284036157154,0.026812136246743206,0.001381750329585405,0.03689519113780453,0.010565719812407717,0.011215966038488916,0.0034081810658376966,0.0072867160451594686,0.015294306077544662
100.0,96.16107561878361,2.9811878441271177e-05,0.738849543709661,0.24412274498655262,0.005611186875449641,4.7642123115476664e-06,2.3818932861838227e-06,1.6702278422433325,3.127846277541474,3.2228938289425497,4.407035545356356,4.559164233380361,4.538908388495683,5.161911421703339,4.705712530957138,5.682681998189183,5.532468508571314,0.29402363888933236,0.010390653276489772,0.1825835976402357,0.009585494087553246,0.01043462059625509,0.004828291142317436,0.004514492661434688,0.009601296922360954,0.008327997276294455,0.023244389582709673
70.0,96.01200643370468,0.00016654792719572007,0.5261257757205964,0.15037126264090853,0.007376378617418322,3.0180410285907122e-06,2.0944402137276774e-06,1.6702278422433325,3.127846277541474,3.2228938289425497,4.407035545356356,4.559164233380361,4.538908388495683,5.161911421703339,4.705712530957138,5.682681998189183,5.532468508571314,0.2939659061858677,0.060721486062413364,0.12468887989603518,0.017296481918215045,0.010952784970753401,0.004656971804196415,0.00903841099164822,0.00658814119595441,0.00597181462350475,0.01908347245232891
57.0,95.18143359470311,0.0002264036687683411,0.8775879240894909,0.27374682230525504,0.005775423681970402,4.688115702033979e-06,4.271128099558874e-06,1.6702278422433325,3.127846277541474,3.2228938289425497,4.407035545356356,4.559164233380361,4.538908388495683,5.161911421703339,4.705712530957138,5.682681998189183,5.532468508571314,0.2940814397997464,0.004870531170840996,0.18693113540161604,0.008742244844167673,0.013264045355489997,0.008786572161550356,0.00021047880112505052,0.006848489467200233,0.014219571426845514,0.01486129494471797
60.0,93.36210032830212,0.0005708224815889257,1.5857708297709547,0.4707954982767744,0.010113970645791077,4.577080569556635e-07,1.3930569545725358e-05,1.6702278422433325,3.127846277541474,3.2228938289425497,4.407035545356356,4.559164233380361,4.538908388495683,5.161911421703339,4.705712530957138,5.682681998189183,5.532468508571314,0.293847043453796,0.10288263909728883,0.07766441229484895,0.017957096471393874,0.016468907065663733,0.016916796944968854,0.002559384268286288,0.010433145664395696,0.0007547747572814432,0.00909519047583606
29.0,92.57615449607106,0.001975064617847397,3.5150174153632268,0.9835582316261157,0.00985256554702254,3.809488726136401e-07,5.684032603905931e-05,1.6702278422433325,3.127846277541474,3.2228938289425497,4.407035545356356,4.559164233380361,4.538908388495683,5.161911421703339,4.705712530957138,5.682681998189183,5.532468508571314,0.2934341753793844,0.17964349427823623,0.002412942961913057,0.006115462200078924,0.026979787874289073,0.02300008634111712,0.005551298430211928,0.0025421300355403954,0.0027182489141306014,0.025922779460989802
46.0,90.33469929447189,0.0013531741640081532,1.8363216416053707,0.4849867837233379,0.009604021644634277,1.0546663693489222e-06,4.1125529473599876e-05,1.6702278422433325,3.127846277541474,3.2228938289425497,4.407035545356356,4.559164233380361,4.538908388495683,5.161911421703339,4.705712530957138,5.682681998189183,5.532468508571314,0.2936170204226585,0.11285155376393632,0.07558174323151542,0.001707303047610003,0.00165868004908103,0.02599391838249118,0.0003779959967631127,0.022644477111504933,0.0035199430066584912,0.029068037862250443
134.0,90.25052858100673,0.0014050065974153495,3.0337896878764394,0.8629940397301198,0.00890903670753888,1.807492516325837e-06,3.637382906066661e-05,1.6702278422433325,3.127846277541474,3.2228938289425497,4.407035545356356,4.559164233380361,4.538908388495683,5.161911421703339,4.705712530957138,5.682681998189183,5.532468508571314,0.29360178091629396,0.1604964074441655,0.020106570051092745,0.02748627826580534,0.0009669715002325401,0.0050397124930824325,0.030098533197679602,0.006975755101162073,0.0033868898254921006,0.008717928870042984
2.0,89.31679295933021,0.0003867967627951649,0.7551527632954969,0.22554736914157567,0.005584705015101012,5.50300415458338e-06,1.0839367802245592e-05,1.6702278422433325,3.127846277541474,3.2228938289425497,4.407035545356356,4.559164233380361,4.538908388495683,5.161911421703339,4.705712530957138,5.682681998189183,5.532468508571314,0.29412859775503764,0.009741980842930773,0.1798575330594197,0.007953655680734731,0.005836143673187755,0.014052014862617061,0.016891003383506544,0.0060550248938777826,0.004058397821694513,0.006049568919592645
35.0,88.73704681584374,0.0003601775450044849,0.1815937239041582,0.021845615571332855,0.0103293151931363,8.327666303209469e-07,1.0716857288851911e-05,1.6702278422433325,3.127846277541474,3.2228938289425497,4.407035545356356,4.559164233380361,4.538908388495683,5.161911421703339,4.705712530957138,5.682681998189183,5.532468508571314,0.2939089761982327,0.047013246207445694,0.14355090546832386,0.0009552643704153533,0.012650256444263503,0.021093611516179105,0.001362507425267216,0.005995788581049357,0.008885442917274349,0.017943562764434498
65.0,87.67292341413946,0.0017077896549499176,3.451514648866205,0.9765719666821759,0.01013619057603237,8.003825648916774e-07,4.6945692010531836e-05,1.6702278422433325,3.127846277541474,3.2228938289425497,4.407035545356356,4.559164233380361,4.538908388495683,5.161911421703339,4.705712530957138,5.682681998189183,5.532468508571314,0.2935127581938582,0.17711684646707998,0.0034382255497224894,0.008932176633427647,0.005353517180677147,0.000536078948656489,0.01551543358147288,0.04593505527525622,0.002831425022183669,0.010029354897927983
108.0,86.8925089540584,8.338604050172515e-05,0.5071716740945705,0.1499798221327198,0.00645535986235939,5.03670739226969e-06,1.64046727808842e-06,1.6702278422433325,3.127846277541474,3.2228938289425497,4.407035545356356,4.559164233380361,4.538908388495683,5.161911421703339,4.705712530957138,5.682681998189183,5.532468508571314,0.294039390489827,0.01960865139604835,0.16876747409753354,0.03044808370463868,0.007140050367079782,0.005758919664117526,0.0021995913091484385,0.003513725638496578,0.022030152406894064,0.0023270554225188287
6.0,83.12360465335982,0.0007618044194454107,1.2624285383011857,0.35209697352649094,0.009734765725822339,2.07416910330549e-06,2.2134230057771487e-05,1.6702278422433325,3.127846277541474,3.2228938289425497,4.407035545356356,4.559164233380361,4.538908388495683,5.161911421703339,4.705712530957138,5.682681998189183,5.532468508571314,0.29379089192344787,0.0900174973394938,0.09508423985674243,0.014140578708076761,0.005274810584336273,0.02648931487192481,0.012920344437997555,0.0017091395140895625,0.007379528504824623,0.016628045028035006
44.0,82.55338582819753,0.0007846316866461668,1.5470552022913115,0.4349354576576036,0.011208645602000286,6.874768030407097e-07,2.172511406680483e-05,1.6702278422433325,3.127846277541474,3.2228938289425497,4.407035545356356,4.559164233380361,4.538908388495683,5.161911421703339,4.705712530957138,5.682681998189183,5.532468508571314,0.2937841803673637,0.10134222187100043,0.08292712070055691,0.006389726391360248,0.01983468335363435,0.016132943459055693,0.01013417567271135,0.0036299685101053333,0.013443086522509628,0.014884440792993857
99.0,82.22192244229045,4.493098135524595e-06,1.109022665090642,0.35532088629245306,0.008053100448984158,4.043890700689001e-06,6.521535555512048e-06,1.6702278422433325,3.127846277541474,3.2228938289425497,4.407035545356356,4.559164233380361,4.538908388495683,5.161911421703339,4.705712530957138,5.682681998189183,5.532468508571314,0.29401619479133717,0.08391378508966428,0.09461110841238964,0.026341206904921165,0.0008995808465685105,0.007894845313061062,0.009696067853480289,0.0183084492471587,0.005375070561996414,0.001178221123388906
102.0,79.88885278333517,0.0008794342876090782,1.4378694729715773,0.39426886595147415,0.007196006015343588,5.080512676169935e-06,2.4087222298713185e-05,1.6702278422433325,3.127846277541474,3.2228938289425497,4.407035545356356,4.559164233380361,4.538908388495683,5.161911421703339,4.705712530957138,5.682681998189183,5.532468508571314,0.2937563069926101,0.09699794052369654,0.08889522364489456,0.008721419015337555,0.007003715544674117,0.019339243446764184,0.029676982673892478,0.00759751185390447,0.006140336377341738,0.0002704249325871332
78.0,79.72320649478642,0.0008185349379127218,2.9044654455917693,0.876531526416497,0.006554825139339718,5.831793499333493e-06,1.5678050402680166e-05,1.6702278422433325,3.127846277541474,3.2228938289425497,4.407035545356356,4.559164233380361,4.538908388495683,5.161911421703339,4.705712530957138,5.682681998189183,5.532468508571314,0.2937742123072227,0.15535085502617235,0.01811985046722063,0.03478566023856974,0.023211335502488273,0.0011742462965439117,0.0074604827586734045,0.0004267807429101183,0.0026946209146650264,0.010456348289509896
144.0,78.59117125261544,0.000625719792758015,0.7704027643893445,0.30604148182209456,0.01241792483593595,5.69990107335272e-08,2.491516959344381e-05,1.6702278422433325,3.127846277541474,3.2228938289425497,4.407035545356356,4.559164233380361,4.538908388495683,5.161911421703339,4.705712530957138,5.682681998189183,5.532468508571314,0.2938309028277832,0.009135213862381857,0.19167059952837692,0.000582657016329125,0.013292253167148091,0.0005103637475163031,0.04106813367961921,0.00045891168665755894,0.013201124890182974,0.00608620655246812
45.0,78.35464965539816,0.0014235036698977874,2.756196505107748,0.7786925939325225,0.010444606154351966,1.9177433835393387e-06,4.001349400302445e-05,1.6702278422433325,3.127846277541474,3.2228938289425497,4.407035545356356,4.559164233380361,4.538908388495683,5.161911421703339,4.705712530957138,5.682681998189183,5.532468508571314,0.29359634250186323,0.14945153103445336,0.032478388926701365,0.0055940058284670285,0.00811011862723958,0.038370159825601616,0.010160507167992895,0.007466747875969462,0.010108325736044262,0.0007744975389128174
63.0,75.1214554529339,0.0018037047505654008,2.997304478038326,0.8246979907174703,0.011285791471057483,1.508277927997348e-06,5.177067635693533e-05,1.6702278422433325,3.127846277541474,3.2228938289425497,4.407035545356356,4.559164233380361,4.538908388495683,5.161911421703339,4.705712530957138,5.682681998189183,5.532468508571314,0.29348455772912974,0.15904473406578803,0.025726779497719274,0.007386807927850247,0.0014443033404293749,0.02959507468843979,0.015508851303150245,0.008518507733427688,0.003247405826013042,0.025167979441594882
11.0,74.11886511390176,0.000523558837354821,1.7450914150946426,0.5197918745240454,0.013314677790378416,6.99419173133542e-08,1.0722205841265375e-05,1.6702278422433325,3.127846277541474,3.2228938289425497,4.407035545356356,4.559164233380361,4.538908388495683,5.161911421703339,4.705712530957138,5.682681998189183,5.532468508571314,0.2938609396681886,0.10922168588825201,0.07047385599113148,0.014286291035820043,0.012380664454858789,0.02198737384371167,0.0011097540479439707,0.013472278190211228,0.002624240073668807,0.0011346233713973527
120.0,73.49038092978633,0.0013549055256831118,1.5250111952260919,0.3819031318720616,0.012615880005390663,5.751230952588671e-07,4.1621987667335436e-05,1.6702278422433325,3.127846277541474,3.2228938289425497,4.407035545356356,4.559164233380361,4.538908388495683,5.161911421703339,4.705712530957138,5.682681998189183,5.532468508571314,0.29361651137657424,0.10046513500891761,0.09070998044825646,0.0037976066169850223,0.005955827552641877,0.023312674136887826,0.022801810347690663,0.00420376141646592,0.018869726187333354,0.0030584395381469016
139.0,73.22472138070371,0.0014337053966694778,2.1094032416998685,0.5706541810612703,0.011649681639462221,1.5719572056815956e-06,4.3495118544005507e-05,1.6702278422433325,3.127846277541474,3.2228938289425497,4.407035545356356,4.559164233380361,4.538908388495683,5.161911421703339,4.705712530957138,5.682681998189183,5.532468508571314,0.2935933430424544,0.1237169233408377,0.06300946154189459,0.0033587291546590646,0.012279610207753514,0.02836010508188222,0.030447340267749853,0.0021937653922292637,0.0036140800113796737,0.004827537751787917
98.0,72.17425658372478,0.0007197717161463739,0.11589724666507276,0.018591315642885162,0.009868299184380211,3.74254152246678e-06,2.4451502986175266e-05,1.6702278422433325,3.127846277541474,3.2228938289425497,4.407035545356356,4.559164233380361,4.538908388495683,5.161911421703339,4.705712530957138,5.682681998189183,5.532468508571314,0.29380325016340186,0.044399315042342874,0.14948530415074845,0.009656526900713546,0.002091160944666259,0.016891331016812818,0.01837972318749385,0.006223957967517808,0.011061533398744314,0.015161110655387815
67.0,71.23677052842854,0.0003591411284827629,0.7016716145265183,0.207734409882479,0.009583665527944246,4.356770891444928e-06,9.725777396184243e-06,1.6702278422433325,3.127846277541474,3.2228938289425497,4.407035545356356,4.559164233380361,4.538908388495683,5.161911421703339,4.705712530957138,5.682681998189183,5.532468508571314,0.2941204665872067,0.011869888569306748,0.17724335837348068,0.007089543165607766,0.006888442767257138,0.014226094722038538,0.019920455714912844,0.0032008283555625175,0.013642056155960097,0.005821435046441892
128.0,70.73130759585835,0.00018026639809867173,0.9003646912111901,0.3015198654318557,0.011081262232684897,2.941045347037985e-06,1.1570335192508108e-05,1.6702278422433325,3.127846277541474,3.2228938289425497,4.407035545356356,4.559164233380361,4.538908388495683,5.161911421703339,4.705712530957138,5.682681998189183,5.532468508571314,0.2939618727513771,0.003964289254656828,0.19100702112262422,0.020685662387782185,0.012799995826639425,0.0006531149244324574,0.002078580926798801,0.002175978361123795,0.040812843607773,0.003337398554606477
25.0,70.53427296032457,0.0010769647122367625,1.1558668014178501,0.29790966608061104,0.013546941761993253,2.79327220298331e-07,3.512359104362178e-05,1.6702278422433325,3.127846277541474,3.2228938289425497,4.407035545356356,4.559164233380361,4.538908388495683,5.161911421703339,4.705712530957138,5.682681998189183,5.532468508571314,0.29369823010975066,0.08577761939241385,0.10303660113281027,0.009898918903968455,0.024147748536936273,0.016001655299790838,0.004869707466231587,0.00015572219899693098,0.007986893463031079,0.027692132751888397
80.0,68.10151385509396,0.0009724688764035812,0.6672259618090587,0.1408770366851098,0.011719159039979159,2.6318111430168045e-06,3.3299120628819956e-05,1.6702278422433325,3.127846277541474,3.2228938289425497,4.407035545356356,4.559164233380361,4.538908388495683,5.161911421703339,4.705712530957138,5.682681998189183,5.532468508571314,0.29372895343973093,0.0663355796838444,0.12608222306800473,0.014437971812705626,0.008253017175433558,0.008147480634357966,0.024475697523777155,0.00491838918604708,0.0249231475525522,0.001530841294257387
140.0,68.01665905950937,0.0018961125443046176,3.0719816147017247,0.8506200490189825,0.011688649205284334,2.4584433482299772e-06,5.551879440484492e-05,1.6702278422433325,3.127846277541474,3.2228938289425497,4.407035545356356,4.559164233380361,4.538908388495683,5.161911421703339,4.705712530957138,5.682681998189183,5.532468508571314,0.29345738846331965,0.16201598767098085,0.021922538572133443,0.018903123289724846,0.013977791404475626,0.009041047377517819,0.019333654556065002,0.014615562398054636,0.014705825534991269,0.0013489477702421121
87.0,67.71362461588441,0.0008760968495773417,0.26008440040268865,0.01667438866674815,0.012509255268659009,1.9444205435759088e-06,3.144008587843694e-05,1.6702278422433325,3.127846277541474,3.2228938289425497,4.407035545356356,4.559164233380361,4.538908388495683,5.161911421703339,4.705712530957138,5.682681998189183,5.532468508571314,0.29375728824903163,0.05013623291985116,0.14430981869956075,0.0031580141607329424,0.004088471643452812,0.007526030478340226,0.0018017394679450086,0.03270876924953448,0.015406270154819551,0.020731359621414383
27.0,66.38132646433027,0.0011785173345341894,1.6000628428668695,0.42922812944699107,0.013441570682243918,1.2535513391198627e-06,3.693554945735644e-05,1.6702278422433325,3.127846277541474,3.2228938289425497,4.407035545356356,4.559164233380361,4.538908388495683,5.161911421703339,4.705712530957138,5.682681998189183,5.532468508571314,0.2936683721283265,0.10345128965533189,0.08376471049771034,0.006422836820199349,0.015730907839569732,0.015770984142207255,0.00915847194284514,0.014529475045405138,0.012435355861883558,0.016927155255098986
17.0,66.05948604731435,0.0017520440139830002,2.107647671443286,0.5457451957241629,0.014019101123859113,5.720598999503501e-07,5.467103075502966e-05,1.6702278422433325,3.127846277541474,3.2228938289425497,4.407035545356356,4.559164233380361,4.538908388495683,5.161911421703339,4.705712530957138,5.682681998189183,5.532468508571314,0.29349974675407403,0.12364707271871822,0.06666502701945211,0.008267837294821338,0.0047545717281901965,0.023142147152737838,0.0077180505633098785,0.011542098006849091,0.0013611395920086304,0.032372988745718964
37.0,63.717450772973365,0.0008270898948069898,0.2658756767880366,0.023939934578208925,0.01428535181354598,1.1135484191404643e-06,2.9538740545245745e-05,1.6702278422433325,3.127846277541474,3.2228938289425497,4.407035545356356,4.559164233380361,4.538908388495683,5.161911421703339,4.705712530957138,5.682681998189183,5.532468508571314,0.2937716970226515,0.05036665620075699,0.14324354970264666,0.005077631532163561,0.020832766706302224,0.013452622397275776,0.004151810659730924,0.0016166177770804825,0.04361875201254242,0.0007382323055876205
18.0,60.53719693310528,0.0012141580043973147,2.789496877281221,0.8078361725110451,0.012103609332445423,4.1020119274093325e-06,3.1314820191960524e-05,1.6702278422433325,3.127846277541474,3.2228938289425497,4.407035545356356,4.559164233380361,4.538908388495683,5.161911421703339,4.705712530957138,5.682681998189183,5.532468508571314,0.2936578932412762,0.1507764861049815,0.028201367671025303,0.0009416554845580799,0.028880721659429467,0.02621307510675742,0.01869325941553552,0.0005494762975020609,0.011657503606725112,0.001492733876150926
69.0,60.53497794241728,0.0014346357333303596,1.907008953718225,0.5039803897367839,0.012900568832317987,3.169429758920206e-06,4.493763881535662e-05,1.6702278422433325,3.127846277541474,3.2228938289425497,4.407035545356356,4.559164233380361,4.538908388495683,5.161911421703339,4.705712530957138,5.682681998189183,5.532468508571314,0.2935930695096385,0.11566406024638759,0.07279430048756522,0.001997904715797354,0.018638450203586322,0.00028709555519323884,0.0021221190754815962,0.03608614349711489,0.024482162038865902,0.008642739474779478
79.0,59.99630197578035,0.0020599762036166646,2.8758964169855203,0.77169176736816,0.015001164886176378,1.0405818131054012e-06,6.259472596506499e-05,1.6702278422433325,3.127846277541474,3.2228938289425497,4.407035545356356,4.559164233380361,4.538908388495683,5.161911421703339,4.705712530957138,5.682681998189183,5.532468508571314,0.2934092101102142,0.15421415063395938,0.033505808532787305,0.001861502539499367,0.026954536913585507,0.011573674050980087,0.014162049476344012,0.011109356927090084,0.012206417234741774,0.020006150517551436
142.0,59.533697001881556,0.001577785341474132,2.5766647232538267,0.7082537712186064,0.013828912362457322,2.4988110914336836e-06,4.694863677734418e-05,1.6702278422433325,3.127846277541474,3.2228938289425497,4.407035545356356,4.559164233380361,4.538908388495683,5.161911421703339,4.705712530957138,5.682681998189183,5.532468508571314,0.2935509813956722,0.142308321239405,0.04281577220859657,0.01051598005532364,0.008318012365058313,0.008855091885282938,0.010931328852495845,0.02336955257640575,0.0011001417837564536,0.03024454677176015
50.0,57.70061888634893,3.0268212718893947e-05,0.7551775995231098,0.2369579890291309,0.011401823844943476,5.891412386715977e-06,3.7600409272739443e-06,1.6702278422433325,3.127846277541474,3.2228938289425497,4.407035545356356,4.559164233380361,4.538908388495683,5.161911421703339,4.705712530957138,5.682681998189183,5.532468508571314,0.2940237730583974,0.06983499908202508,0.11198168032464301,0.014554797162506128,0.00430463257355282,0.018926191353918688,0.0003981630391631545,0.009000038874328837,0.01849571815589868,0.00803059605164173
109.0,57.108914231000085,0.0015292509079118544,1.999606545419329,0.5357917669280648,0.016381073451555896,6.469224811955776e-07,4.824052623245839e-05,1.6702278422433325,3.127846277541474,3.2228938289425497,4.407035545356356,4.559164233380361,4.538908388495683,5.161911421703339,4.705712530957138,5.682681998189183,5.532468508571314,0.2935652512410287,0.1193483328426202,0.06812576137687049,0.02707423894282641,0.008718484106131455,0.00314984620428135,0.009913368353408517,0.011074726463689392,0.0388235048910105,0.0010135839951136262
89.0,56.91519022717878,0.0019758096403237222,2.661062160103003,0.7047472622172186,0.015559550215089564,1.4069947061323695e-06,6.034569712160681e-05,1.6702278422433325,3.127846277541474,3.2228938289425497,4.407035545356356,4.559164233380361,4.538908388495683,5.161911421703339,4.705712530957138,5.682681998189183,5.532468508571314,0.29343395633169506,0.1456663261082507,0.043330376600495366,0.002488937943722663,0.02119520164936036,0.022783925158917688,0.01544947415710833,0.00024669679369915525,0.027696668757165428,0.0013522561387949174
103.0,54.04686192279583,0.001664418398899462,3.4172390432648805,0.9849313971137017,0.009758110959316238,8.298514704352389e-06,4.458361708124803e-05,1.6702278422433325,3.127846277541474,3.2228938289425497,4.407035545356356,4.559164233380361,4.538908388495683,5.161911421703339,4.705712530957138,5.682681998189183,5.532468508571314,0.2935255099882304,0.17575308881295157,0.002211421451363401,0.02832022238715738,0.0036728182217370155,0.02040990418958074,0.004967196847700313,0.013533537733611694,0.0012483320539173658,0.020105582041942197
30.0,52.51632434481767,0.0015109799730288604,2.9045222689637566,0.8238485126005933,0.015850952473444233,2.7675646959157696e-06,4.231810544929465e-05,1.6702278422433325,3.127846277541474,3.2228938289425497,4.407035545356356,4.559164233380361,4.538908388495683,5.161911421703339,4.705712530957138,5.682681998189183,5.532468508571314,0.2935706231676417,0.15535311591426235,0.02585144627302023,0.0023749684703537055,0.012483545921561687,0.025714874645386344,0.014015686992340109,0.019469765783277443,0.019568929507442327,0.0016264682503483452
14.0,52.17223574918642,0.0018450333888499837,3.3586254129748534,0.9289923053629251,0.017422599030030236,1.2380576225323736e-06,5.066262066082128e-05,1.6702278422433325,3.127846277541474,3.2228938289425497,4.407035545356356,4.559164233380361,4.538908388495683,5.161911421703339,4.705712530957138,5.682681998189183,5.532468508571314,0.2934724064947621,0.1734209699330101,0.010420869162002619,0.007318452111495845,0.0008687148774597121,0.011679465428008075,0.013650807786542658,0.027361128085009068,0.027397745745309548,0.00011732351204356167
84.0,51.87037291437313,9.579932629607479e-05,0.8896254191618185,0.29863868411911215,0.01699176751200702,2.2095500447072425e-06,7.7510487394572e-06,1.6702278422433325,3.127846277541474,3.2228938289425497,4.407035545356356,4.559164233380361,4.538908388495683,5.161911421703339,4.705712530957138,5.682681998189183,5.532468508571314,0.29398670732682947,0.004391583366610657,0.19058418788397924,0.005326514605243681,0.01111906653196906,0.006441673161658466,0.009475440387270611,0.005184412421187433,0.006766589232651563,0.0383945039504589
73.0,51.77540820649239,0.0018901872705018457,2.600820967007472,0.696285044780735,0.013812001420622947,4.909963329913225e-06,5.922238698947285e-05,1.6702278422433325,3.127846277541474,3.2228938289425497,4.407035545356356,4.559164233380361,4.538908388495683,5.161911421703339,4.705712530957138,5.682681998189183,5.532468508571314,0.2934591305819487,0.14326944976612466,0.0445722654010926,0.006329394325266584,0.03586878787803359,0.0057380230827181,0.015222076387053668,0.002396112671217014,0.01735895513281295,0.012797119262082803
131.0,51.36734407437458,0.001048876516121158,0.37207781405621776,0.04847808182507063,0.017653983198392436,1.4326839820610893e-06,3.80954087878041e-05,1.6702278422433325,3.127846277541474,3.2228938289425497,4.407035545356356,4.559164233380361,4.538908388495683,5.161911421703339,4.705712530957138,5.682681998189183,5.532468508571314,0.29370648845718555,0.05459222639983409,0.13964240727372476,0.023338009390069598,0.009471586192214852,0.004716709397237082,0.005101172136347388,0.004020792605093253,0.04874095607815407,0.0013606695233166024
55.0,50.28862543465704,0.0018837214301010417,3.0701723839912285,0.8650539604675679,0.018768165772294777,5.394493499677466e-07,5.7759731607223697e-05,1.6702278422433325,3.127846277541474,3.2228938289425497,4.407035545356356,4.559164233380361,4.538908388495683,5.161911421703339,4.705712530957138,5.682681998189183,5.532468508571314,0.2934610316351979,0.16194400200694264,0.019804262468812305,0.04665421301204599,0.0014322408759738416,0.010876549490426293,0.003566595651584217,0.0014920414262420971,0.032960330615125946,0.011923642831618394
71.0,49.59550189991198,0.002326883822095824,2.818238303675194,0.7328139950913519,0.01916708421033638,2.6931607888247555e-07,7.267185762396822e-05,1.6702278422433325,3.127846277541474,3.2228938289425497,4.407035545356356,4.559164233380361,4.538908388495683,5.161911421703339,4.705712530957138,5.682681998189183,5.532468508571314,0.29333073530046316,0.15192004985966054,0.039211389882490996,0.008463181381532514,0.016187498026550916,0.013410516321148879,0.0022773071731001294,0.00864021377393536,0.0006547098316570475,0.05198889562821733
42.0,47.213459898611006,0.0017779852610030108,1.987267610773627,0.507991857948915,0.02003070537210982,5.835476727389377e-07,5.661476745109223e-05,1.6702278422433325,3.127846277541474,3.2228938289425497,4.407035545356356,4.559164233380361,4.538908388495683,5.161911421703339,4.705712530957138,5.682681998189183,5.532468508571314,0.29349211964160643,0.11885739136188919,0.07220558984712254,0.007014585172325001,0.025215849488279887,0.006138243304018802,0.02369409098732763,0.0002782269750808583,0.013560228194701054,0.02489860370940337
95.0,46.08204903097367,0.0018412769460717877,2.1502335248199644,0.5548511770443356,0.02048456291269784,6.374481207882532e-07,5.7841290660082256e-05,1.6702278422433325,3.127846277541474,3.2228938289425497,4.407035545356356,4.559164233380361,4.538908388495683,5.161911421703339,4.705712530957138,5.682681998189183,5.532468508571314,0.2934735109448113,0.1253414784770162,0.06532866142676304,0.0218471519161621,0.0064061144414352626,0.007102840894840688,0.004763521205762972,0.00527922216624856,0.02036967235126953,0.035166267632327
76.0,39.26451872587043,0.00181995418759165,1.2350639651707183,0.2627931066533182,0.021033920333012684,3.831420906652561e-06,6.029449497468864e-05,1.6702278422433325,3.127846277541474,3.2228938289425497,4.407035545356356,4.559164233380361,4.538908388495683,5.161911421703339,4.705712530957138,5.682681998189183,5.532468508571314,0.2934797801529539,0.08892871581677755,0.10819019854337089,0.007935743039489955,0.006446586169144968,0.019061337132494898,0.004240250053925505,0.002949698771707145,0.014491332334969586,0.04396085237177987
93.0,38.813310675788316,0.0009953269295877277,2.807841850305991,0.8125539200747782,0.016682536489786615,8.887255434242292e-06,1.9456526655206585e-05,1.6702278422433325,3.127846277541474,3.2228938289425497,4.407035545356356,4.559164233380361,4.538908388495683,5.161911421703339,4.705712530957138,5.682681998189183,5.532468508571314,0.29372223283210974,0.15150639581593764,0.02750900566219941,0.007711850930191491,0.011041638724236472,0.012524338293696447,0.020333294338334033,0.009397905647669938,0.010853941582648432,0.0037053834549140435
21.0,38.1972294539185,0.0007910207223370219,1.8494934514428334,0.5234983785965585,0.015079586798644727,1.094253847661042e-05,1.5778395628766873e-05,1.6702278422433325,3.127846277541474,3.2228938289425497,4.407035545356356,4.559164233380361,4.538908388495683,5.161911421703339,4.705712530957138,5.682681998189183,5.532468508571314,0.29378230189584165,0.11337563367935784,0.06992990094252016,0.00039662142707324027,0.023915570765358003,0.017110077279108387,0.011028387683319731,0.004863039931227754,0.007637729452634315,0.0007781479885515634
13.0,36.768478014218985,0.002804432015067064,3.0324467094716514,0.7684164049289661,0.023465731941793716,2.842527164426123e-06,8.889504060499709e-05,1.6702278422433325,3.127846277541474,3.2228938289425497,4.407035545356356,4.559164233380361,4.538908388495683,5.161911421703339,4.705712530957138,5.682681998189183,5.532468508571314,0.29319032902879544,0.16044297302494145,0.03398649057170476,0.004871853127560384,0.000584378300203864,0.028012913026139365,0.04037240098481418,0.0020857800679188665,0.010785758707717044,0.020389474922045656
72.0,35.696956642953566,0.0020583769682019147,1.76547398920242,0.4129210620303015,0.025382638170682835,1.948175345045655e-06,6.827790715095011e-05,1.6702278422433325,3.127846277541474,3.2228938289425497,4.407035545356356,4.559164233380361,4.538908388495683,5.161911421703339,4.705712530957138,5.682681998189183,5.532468508571314,0.2934096803092128,0.11003266766268481,0.08615788516467877,4.823468963929448e-06,0.017678582306260494,0.009439400762307006,0.01654779037776441,0.010548435794538302,0.04587353293073932,0.006500359550373568
105.0,34.879326514799935,0.0022790277555631722,1.834110595985698,0.4311516909495844,0.02363101458930443,4.285018297189858e-06,7.542454680972699e-05,1.6702278422433325,3.127846277541474,3.2228938289425497,4.407035545356356,4.559164233380361,4.538908388495683,5.161911421703339,4.705712530957138,5.682681998189183,5.532468508571314,0.2933448056958231,0.11276358068995104,0.08348241457406372,0.020057908246679853,0.010946922640220633,0.0036663434131764486,0.0007517728806417548,0.016618185585015186,0.033344300182139755,0.02014111644922844
86.0,34.62323448639727,0.001453903360500928,0.2215350057261364,0.1747967368040698,0.028280051770443952,5.6713281293419016e-08,5.455740720922836e-05,1.6702278422433325,3.127846277541474,3.2228938289425497,4.407035545356356,4.559164233380361,4.538908388495683,5.161911421703339,4.705712530957138,5.682681998189183,5.532468508571314,0.2935874045406684,0.030973561977588427,0.17240952756957645,0.004572673847379687,0.010953739124269998,0.006615786006707175,0.013576822435693706,0.02047493709567623,0.02126595404434262,0.007660572225084114
15.0,34.480012211914364,0.0015052278032258953,1.8990659644583296,0.5019782359437237,0.024962415806441204,3.5737135108959706e-06,4.661805964178978e-05,1.6702278422433325,3.127846277541474,3.2228938289425497,4.407035545356356,4.559164233380361,4.538908388495683,5.161911421703339,4.705712530957138,5.682681998189183,5.532468508571314,0.29357231439112014,0.11534802462251452,0.0730881303721478,0.00800673290800875,0.015748172381287576,0.013054824517220273,0.02573155211297387,0.003807291322989648,0.02995031986547826,0.007005853783853136
115.0,33.76550113332234,0.001855253918338799,0.39776859900968475,0.0,0.028391432769701696,5.50774849616964e-07,6.738195810928466e-05,1.6702278422433325,3.127846277541474,3.2228938289425497,4.407035545356356,4.559164233380361,4.538908388495683,5.161911421703339,4.705712530957138,5.682681998189183,5.532468508571314,0.29346940150707473,0.055614411245475545,0.14707085132858577,0.007106767846958882,0.0013213328069736233,0.0021338052787040988,0.011579245243668183,0.029801078893173648,0.0016467227338642,0.05065371624588798
104.0,33.66728892195566,0.0017759171350338245,2.1765152193425106,0.5918268022428377,0.02699010128174065,2.1389054002951546e-06,5.734146301793197e-05,1.6702278422433325,3.127846277541474,3.2228938289425497,4.407035545356356,4.559164233380361,4.538908388495683,5.161911421703339,4.705712530957138,5.682681998189183,5.532468508571314,0.29349272770140217,0.1263871744301521,0.05990223328617598,0.046715171605955015,0.013229334971374802,0.0019232269847688462,0.01351572961564298,0.0026508138259760776,0.010289130527434761,0.00658527404441959
7.0,30.813397691274062,0.002313093182336578,3.0027858934026237,0.7988041260658625,0.022311693199395556,9.44412953401974e-06,6.975928236489098e-05,1.6702278422433325,3.127846277541474,3.2228938289425497,4.407035545356356,4.559164233380361,4.538908388495683,5.161911421703339,4.705712530957138,5.682681998189183,5.532468508571314,0.29333478995367096,0.15926282859766785,0.029526882810637155,0.011258726088304645,0.009626591017156376,0.005024122101026701,0.015209365102007578,0.025514682537721975,0.021156047439743714,0.019953810166552306
3.0,26.699282640396174,0.002992073174366123,2.4059570520950966,0.5553243389397593,0.03264835263169419,3.819406687144422e-06,9.864304984935623e-05,1.6702278422433325,3.127846277541474,3.2228938289425497,4.407035545356356,4.559164233380361,4.538908388495683,5.161911421703339,4.705712530957138,5.682681998189183,5.532468508571314,0.29313515973703314,0.1355162051242588,0.06525922165365314,0.006099679522628371,0.0049449387147914746,0.007057002050179312,0.011873599761195673,0.02421919794847139,0.06348142096039144,0.0008050630966107166
24.0,22.223012944148994,0.003132293233389872,1.8708649087211942,0.3661074136391853,0.04167949661813979,2.2487654453007266e-06,0.00010701367816308427,1.6702278422433325,3.127846277541474,3.2228938289425497,4.407035545356356,4.559164233380361,4.538908388495683,5.161911421703339,4.705712530957138,5.682681998189183,5.532468508571314,0.29309393295408154,0.11422596113329833,0.09302811109404027,0.00459933414605068,0.017388243087131057,7.507039169517369e-06,0.00030748523736885,0.002053871368244713,0.034335207922858324,0.06323528570266271
74.0,16.62785336721336,0.004070687555805296,4.0085650232276375,0.969145946422745,0.04909985020793829,9.72630645068584e-06,0.00013138973769611512,1.6702278422433325,3.127846277541474,3.2228938289425497,4.407035545356356,4.559164233380361,4.538908388495683,5.161911421703339,4.705712530957138,5.682681998189183,5.532468508571314,0.2928180310658454,0.19928076446189835,0.004528045264521461,0.0007172490988910981,0.013224426267268831,0.0024891874929670347,0.021221512916294368,0.01622164611926609,0.04574466297550595,0.002536253437851063
143.0,16.404849331600417,0.001357194861372848,0.48990883846031685,0.09376650785112654,0.05691648987443192,3.498895618569975e-06,5.421996567571419e-05,1.6702278422433325,3.127846277541474,3.2228938289425497,4.407035545356356,4.559164233380361,4.538908388495683,5.161911421703339,4.705712530957138,5.682681998189183,5.532468508571314,0.29361583827783044,0.059280486712254964,0.1329960182509195,0.0223045146969346,0.029831643292390138,0.002449535175974369,0.022690582455131267,0.004318137408157972,0.04514244814622594,0.003039494836683327
110.0,16.24990186901728,0.0032136545133203426,0.1174164475722426,0.2540652540237515,0.06001678868425615,3.010476459786027e-07,0.00012209968307605457,1.6702278422433325,3.127846277541474,3.2228938289425497,4.407035545356356,4.559164233380361,4.538908388495683,5.161911421703339,4.705712530957138,5.682681998189183,5.532468508571314,0.29307001152763434,0.03511623073947016,0.18404272944768607,0.0022761906402480317,0.008436741617137804,0.010121824465729902,0.004888935549490433,5.301118313474017e-05,0.00035967524683393247,0.12054309971320093
145.0,6.1290748147204654,0.010377575867155483,2.4181378630233095,0.07470072520474619,0.15856304072195962,7.934822372490657e-07,0.00038002389060987074,1.6702278422433325,3.127846277541474,3.2228938289425497,4.407035545356356,4.559164233380361,4.538908388495683,5.161911421703339,4.705712530957138,5.682681998189183,5.532468508571314,0.2909637120952054,0.1360008551791713,0.13579405341379286,0.0006281590073456838,0.005668841272294736,0.0039053891107727243,0.0005070176465720456,0.000329288340926093,0.28351278614604913,0.00028819970708036263
