149.0,660.2757424130493,0.0005439498302924716,0.9998998820900981,0.2762558120560786,0.0015144464688999978,7.229313325751718e-08,1.6702278422433325,3.127846277541474,3.2228938289425497,4.407035545356356,4.559164233380361,4.538908388495683,5.161911421703339,4.705712530957138,5.682681998189183,5.532468508571314,0.29417480309433786,3.98349098575159e-06,0.18729934696031783,0.04203732175393767,1.5698337487561553e-05,7.959444676720018e-06,3.4426247058213763e-07,7.39724188864731e-07,0.02830152684271287,3.080052049197717e-06
10.0,660.2524576699277,0.0005452400927673471,0.9999883189896533,0.2762315193656596,0.0015145428105235723,2.936317050616921e-08,1.6702278422433325,3.127846277541474,3.2228938289425497,4.407035545356356,4.559164233380361,4.538908388495683,5.161911421703339,4.705712530957138,5.682681998189183,5.532468508571314,0.2941751824506965,4.6476399143865413e-07,0.18729578184037213,0.0420319295496952,8.465632809744307e-06,2.15592859103973e-07,6.635153708083442e-06,5.073008716192378e-06,0.028304418030753304,2.5217489110282994e-06
104.0,660.2354284103974,0.0005445144421232925,0.9992832061558253,0.27597739337692645,0.001514336083888252,2.7515472345029934e-07,1.6702278422433325,3.127846277541474,3.2228938289425497,4.407035545356356,4.559164233380361,4.538908388495683,5.161911421703339,4.705712530957138,5.682681998189183,5.532468508571314,0.294174969098614,2.8519790512107606e-05,0.18725848709798135,0.042047500075259765,6.2208096431313335e-06,4.105496608565677e-06,4.3371311330438447e-08,1.589658160578914e-06,0.028304646178806785,2.3216717403245302e-07
43.0,660.2131787080109,0.0005459821049896031,0.9998070919325341,0.27612534962875324,0.0015145655130851842,9.676911422173973e-08,1.6702278422433325,3.127846277541474,3.2228938289425497,4.407035545356356,4.559164233380361,4.538908388495683,5.161911421703339,4.705712530957138,5.682681998189183,5.532468508571314,0.29417540061332637,7.675425391743505e-06,0.18728020069887866,0.04203756038233102,1.3310212634729546e-06,1.273706026159603e-05,3.6443786354459483e-07,1.2218297232438465e-05,0.028288835005774993,1.1718465120676963e-06
59.0,660.17864680046,0.0005440939161333097,0.9999262866233404,0.27618026521078237,0.00151437613152681,3.653779819812186e-07,1.6702278422433325,3.127846277541474,3.2228938289425497,4.407035545356356,4.559164233380361,4.538908388495683,5.161911421703339,4.705712530957138,5.682681998189183,5.532468508571314,0.29417484545771816,2.932907526140292e-06,0.18728825993947512,0.04204134447096675,4.808341817857171e-06,2.690551707950565e-05,3.7754207200247402e-06,1.3329624000969511e-07,0.02827543669690173,4.589667912508649e-06
130.0,660.1775754798527,0.0005447412410008011,0.9999817606837658,0.2761946369987241,0.0015144885857886268,2.553818069794822e-07,1.6702278422433325,3.127846277541474,3.2228938289425497,4.407035545356356,4.559164233380361,4.538908388495683,5.161911421703339,4.705712530957138,5.682681998189183,5.532468508571314,0.29417503578085735,7.257058390140093e-07,0.18729036909852514,0.042015555264094055,2.3008963295588137e-05,1.7066491173167367e-05,6.453281512725139e-07,1.0147224324307752e-05,0.02827669218725818,4.527794408342021e-06
44.0,660.1654788697178,0.0005465052439352671,0.9998384539058245,0.2761024263682827,0.001514718734128411,5.298903427153334e-08,1.6702278422433325,3.127846277541474,3.2228938289425497,4.407035545356356,4.559164233380361,4.538908388495683,5.161911421703339,4.705712530957138,5.682681998189183,5.532468508571314,0.29417555442395743,6.4275953279720116e-06,0.18727683655222735,0.04201871582703898,2.806718667201228e-05,1.0020845060542158e-05,2.151669993670103e-06,1.9328564600300724e-06,0.02826994722275747,2.138238912173046e-06
18.0,660.1627980864021,0.0005454784948993058,0.9995169029266233,0.2760619516482259,0.0015147529471512947,2.4927183150946775e-08,1.6702278422433325,3.127846277541474,3.2228938289425497,4.407035545356356,4.559164233380361,4.538908388495683,5.161911421703339,4.705712530957138,5.682681998189183,5.532468508571314,0.29417525254446925,1.9221464360620164e-05,0.18727089660777152,0.042040962665944114,2.0458784071542395e-06,3.8093588689400378e-06,6.553646776928856e-06,6.373801304680246e-06,0.02827779497774117,8.055865778856168e-06
91.0,660.1524379049121,0.0005454931198172444,0.9997231173322547,0.27610926728040025,0.001514682737377803,1.1890930495805918e-07,1.6702278422433325,3.127846277541474,3.2228938289425497,4.407035545356356,4.559164233380361,4.538908388495683,5.161911421703339,4.705712530957138,5.682681998189183,5.532468508571314,0.29417525684441265,1.1016606440891417e-05,0.18727784050328491,0.04202868760807042,3.835571779388691e-06,1.1316278241472275e-05,3.328801355405755e-06,1.6249458858365829e-06,0.0282707111012526,7.942457523062011e-06
97.0,660.1504225251308,0.0005437654435448973,0.9999397050082852,0.2761950549145024,0.0015143158331786424,4.904380571102429e-07,1.6702278422433325,3.127846277541474,3.2228938289425497,4.407035545356356,4.559164233380361,4.538908388495683,5.161911421703339,4.705712530957138,5.682681998189183,5.532468508571314,0.29417474888189155,2.399016881363534e-06,0.18729043043054935,0.04203155603654303,1.9044754768027682e-05,4.107497366580354e-06,2.8490665694884577e-08,5.572547988539916e-07,0.02828742402795451,2.058018483301739e-05
84.0,660.1322454483006,0.0005476545111392261,0.9999132377690981,0.2760088226147355,0.0015148189399501956,2.9042245996979688e-08,1.6702278422433325,3.127846277541474,3.2228938289425497,4.407035545356356,4.559164233380361,4.538908388495683,5.161911421703339,4.705712530957138,5.682681998189183,5.532468508571314,0.2941758923256093,3.452095284852344e-06,0.18726309955550083,0.04205930880843051,3.1596279533596056e-06,8.720150471659536e-06,1.4012560868273337e-06,3.347200770050596e-08,0.028246457085464926,7.736193609684972e-06
122.0,660.1302075426988,0.0005429621898200604,0.9999035607555173,0.27627992337538587,0.0015145098729181336,3.427858057403199e-07,1.6702278422433325,3.127846277541474,3.2228938289425497,4.407035545356356,4.559164233380361,4.538908388495683,5.161911421703339,4.705712530957138,5.682681998189183,5.532468508571314,0.29417451271334905,3.837124261242747e-06,0.18730288546280138,0.04201468489690771,5.754879018557081e-07,2.9253485098053648e-05,5.546270690106141e-06,2.087749359123746e-06,0.028312105631536005,8.093784922960703e-06
6.0,660.1066569119989,0.000544985186533663,0.9995909301301961,0.27613648654035666,0.001514888254806683,1.844932812078426e-08,1.6702278422433325,3.127846277541474,3.2228938289425497,4.407035545356356,4.559164233380361,4.538908388495683,5.161911421703339,4.705712530957138,5.682681998189183,5.532468508571314,0.2941751075044724,1.6276070290551013e-05,0.18728183511750443,0.042026628071866745,1.4387591773471244e-06,3.558663967169679e-06,3.452033033216748e-06,4.868362963273613e-06,0.028294189031039987,1.006468064989467e-05
52.0,660.1011314169291,0.0005444223908553948,0.9998364271308896,0.2761679051426784,0.0015146140573974048,3.0532753603207397e-07,1.6702278422433325,3.127846277541474,3.2228938289425497,4.407035545356356,4.559164233380361,4.538908388495683,5.161911421703339,4.705712530957138,5.682681998189183,5.532468508571314,0.2941749420341721,6.508236640710127e-06,0.18728644601419275,0.04199872920635281,2.0569890960549566e-05,3.086090967747261e-05,8.057223970716579e-07,1.0655980369035524e-05,0.028280027458193236,5.596625880324757e-06
114.0,660.0988563642161,0.0005435514894055792,0.9999710542435775,0.27617142298007413,0.001514159714809279,7.648913443181193e-07,1.6702278422433325,3.127846277541474,3.2228938289425497,4.407035545356356,4.559164233380361,4.538908388495683,5.161911421703339,4.705712530957138,5.682681998189183,5.532468508571314,0.2941746859761923,1.1516936370170152e-06,0.1872869622811047,0.0420260838264065,7.127021636642959e-06,7.04352264580913e-06,9.515783048125405e-07,1.7897070216268836e-05,0.028267218970915806,9.141863573177162e-06
132.0,660.0891014205004,0.0005440312001996191,0.9996192096143814,0.27602672914349674,0.0015142357102261742,7.112838205647343e-07,1.6702278422433325,3.127846277541474,3.2228938289425497,4.407035545356356,4.559164233380361,4.538908388495683,5.161911421703339,4.705712530957138,5.682681998189183,5.532468508571314,0.29417482701830083,1.5150886290561482e-05,0.18726572746215686,0.042044416266516255,6.553915851461576e-07,1.8273082213400624e-05,7.64923218113144e-06,9.67459784804142e-07,0.0282557244737758,2.7137363407750217e-06
82.0,660.088098082291,0.0005450415954776357,0.9997531148831771,0.27612606187208544,0.0015147575506078183,1.9174616822104085e-07,1.6702278422433325,3.127846277541474,3.2228938289425497,4.407035545356356,4.559164233380361,4.538908388495683,5.161911421703339,4.705712530957138,5.682681998189183,5.532468508571314,0.29417512408954094,9.823064008664258e-06,0.18728030522550235,0.04199983322302372,3.839922927144867e-06,5.3445203372804526e-05,5.39198224458174e-06,2.232227569979608e-06,0.028267534187525555,1.5323554902121106e-06
123.0,660.0855379866999,0.000544265417696747,0.9997937434511665,0.2762149641512334,0.0015148579922698185,9.718013110893153e-08,1.6702278422433325,3.127846277541474,3.2228938289425497,4.407035545356356,4.559164233380361,4.538908388495683,5.161911421703339,4.705712530957138,5.682681998189183,5.532468508571314,0.2941748958817287,8.206534713275684e-06,0.18729335224841923,0.04201627323396351,4.567463584659881e-06,2.55423332680772e-05,7.826107282671236e-07,5.787424271865141e-06,0.028278264618766282,1.3248672094765596e-05
141.0,660.082539670429,0.0005444555894690764,0.9995462163755642,0.2760833345704283,0.0015147158092835952,2.462445518047751e-07,1.6702278422433325,3.127846277541474,3.2228938289425497,4.407035545356356,4.559164233380361,4.538908388495683,5.161911421703339,4.705712530957138,5.682681998189183,5.532468508571314,0.2941749517950583,1.8055140975208577e-05,0.18727403469915319,0.04200686026908002,1.3571192729206275e-05,3.092043096792996e-05,7.74941909597217e-07,1.0821088590677248e-06,0.02831280724289156,1.727787436196446e-06
7.0,660.0737550193736,0.0005459862189757186,0.9999657770643432,0.2761337109527232,0.001514898644228463,8.35716159608424e-08,1.6702278422433325,3.127846277541474,3.2228938289425497,4.407035545356356,4.559164233380361,4.538908388495683,5.161911421703339,4.705712530957138,5.682681998189183,5.532468508571314,0.2941754018228995,1.361662022597648e-06,0.18728142778086684,0.0420325277777511,3.721398674360508e-07,2.455482928162397e-05,1.1247445392188032e-05,6.889890592855459e-06,0.02826668165419069,5.3326985706896274e-06
145.0,660.072854573429,0.0005444867636404347,0.9997695487312519,0.2761406241318493,0.001514778890307309,2.053922174560796e-07,1.6702278422433325,3.127846277541474,3.2228938289425497,4.407035545356356,4.559164233380361,4.538908388495683,5.161911421703339,4.705712530957138,5.682681998189183,5.532468508571314,0.29417496096072837,9.169194129328948e-06,0.18728244233760658,0.04202841255884542,4.587308985618116e-05,3.873885360012304e-06,1.6235813319318164e-06,1.1530912695974068e-08,0.02826537902122041,6.626093844556231e-06
23.0,660.0541640733355,0.0005442202766935966,0.9997582206788391,0.27622184979358977,0.0015149962988301828,3.088292227504397e-08,1.6702278422433325,3.127846277541474,3.2228938289425497,4.407035545356356,4.559164233380361,4.538908388495683,5.161911421703339,4.705712530957138,5.682681998189183,5.532468508571314,0.29417488260960234,9.619914631949838e-06,0.18729436276394798,0.042001358268325406,5.8883641032718855e-05,1.566311538730318e-06,2.2172186384909562e-07,2.2817067422849705e-06,0.028291679788087727,9.467029555709413e-06
20.0,660.0481823645414,0.0005442339112258262,0.9998426491887954,0.27616833759561654,0.0015145893091830954,4.5160255401910376e-07,1.6702278422433325,3.127846277541474,3.2228938289425497,4.407035545356356,4.559164233380361,4.538908388495683,5.161911421703339,4.705712530957138,5.682681998189183,5.532468508571314,0.2941748866183576,6.260673426447197e-06,0.18728650947964548,0.04200087291911478,2.9616580816232785e-05,5.299004735860887e-06,2.808159144364123e-06,5.84233817480153e-06,0.02828661542309687,7.093332388079822e-06
78.0,660.0452843705551,0.0005463395652300521,0.9999421452750931,0.2761416294383165,0.0015150054587149068,4.210495890832888e-08,1.6702278422433325,3.127846277541474,3.2228938289425497,4.407035545356356,4.559164233380361,4.538908388495683,5.161911421703339,4.705712530957138,5.682681998189183,5.532468508571314,0.29417550571195383,2.3019235556954902e-06,0.18728258987326754,0.04200599222131494,2.772344178395052e-05,2.0063768714168486e-05,5.212535704731883e-06,1.80985169185627e-06,0.028291070727783228,6.44573212622822e-07
60.0,660.0444365567232,0.0005464435506638764,0.9997752187671554,0.27606645684850084,0.0015149623747587595,8.713496324475045e-08,1.6702278422433325,3.127846277541474,3.2228938289425497,4.407035545356356,4.559164233380361,4.538908388495683,5.161911421703339,4.705712530957138,5.682681998189183,5.532468508571314,0.29417553628521803,8.943594764217401e-06,0.18727155777699908,0.042005935975373866,1.1395673130789718e-05,3.074014800365254e-05,1.0601752935926568e-06,3.2929304951224865e-06,0.028263153481329024,1.0660323468712268e-05
54.0,660.0414196182257,0.0005456900496432966,0.9997863359586968,0.2761188213277222,0.001514980965869885,7.546888902698612e-08,1.6702278422433325,3.127846277541474,3.2228938289425497,4.407035545356356,4.559164233380361,4.538908388495683,5.161911421703339,4.705712530957138,5.682681998189183,5.532468508571314,0.2941753147447106,8.501263993072784e-06,0.18727924262565515,0.042014575538991975,2.142601463661105e-05,4.47367852782102e-06,2.9049192529857103e-06,1.5025230567479352e-05,0.02826062712315858,1.7268809336778095e-05
107.0,660.032544468743,0.0005455375569700741,0.9996745266602445,0.27612128624135157,0.0015149999545307615,7.685248470945538e-08,1.6702278422433325,3.127846277541474,3.2228938289425497,4.407035545356356,4.559164233380361,4.538908388495683,5.161911421703339,4.705712530957138,5.682681998189183,5.532468508571314,0.2941752699095965,1.294993189819034e-05,0.1872796043687389,0.042000456784739834,3.7130017967471246e-06,4.5092527446861064e-05,6.907531384753852e-07,1.3441632166482999e-05,0.028274907604828488,8.996861758777459e-06
31.0,660.0309614098634,0.0005444732553921399,0.9989136105412335,0.2758819555413499,0.0015149115835414767,1.6885732745386406e-07,1.6702278422433325,3.127846277541474,3.2228938289425497,4.407035545356356,4.559164233380361,4.538908388495683,5.161911421703339,4.705712530957138,5.682681998189183,5.532468508571314,0.29417495698910245,4.322525929928441e-05,0.1872444809370613,0.04202200753495573,4.374388924434776e-06,5.040467866668088e-05,1.151418064588386e-06,3.8573586745132557e-07,0.02827056880503729,2.1703047406492876e-06
13.0,660.0309331038295,0.0005436166571527871,0.9995964773749494,0.2761808738290598,0.0015148559572680943,2.2454857645515247e-07,1.6702278422433325,3.127846277541474,3.2228938289425497,4.407035545356356,4.559164233380361,4.538908388495683,5.161911421703339,4.705712530957138,5.682681998189183,5.532468508571314,0.29417470513647925,1.605535653921436e-05,0.18728834925840698,0.04198906180126254,8.204604009036293e-06,3.667678193960078e-05,3.437927775152599e-06,3.897499587842208e-06,0.02831794261995805,3.121482678415503e-06
64.0,660.0291827693691,0.000544786245479105,0.999879709275391,0.2762286191861706,0.0015150561632844592,2.8360409132233144e-08,1.6702278422433325,3.127846277541474,3.2228938289425497,4.407035545356356,4.559164233380361,4.538908388495683,5.161911421703339,4.705712530957138,5.682681998189183,5.532468508571314,0.29417504901284336,4.7861268540143276e-06,0.18729535621902002,0.04200389343713724,2.200395018732101e-05,1.8643789933150193e-05,2.2977858407309426e-06,9.194634273159638e-06,0.028280981154139493,2.3504493109771078e-05
133.0,660.0289704449128,0.0005428706083579744,0.9995661038903132,0.27623560759378957,0.0015149755415533623,1.0946952716528457e-07,1.6702278422433325,3.127846277541474,3.2228938289425497,4.407035545356356,4.559164233380361,4.538908388495683,5.161911421703339,4.705712530957138,5.682681998189183,5.532468508571314,0.29417448578703703,1.726385662049366e-05,0.18729638181606018,0.042008976538152665,1.780687568074614e-05,8.242653832194488e-06,3.1025855500139143e-06,2.407727558399088e-06,0.028344309733579365,5.8326735333961485e-06
77.0,660.0289143429906,0.0005442701983818644,0.9997994994395801,0.2762375044993884,0.00151501044353268,7.46963288444924e-08,1.6702278422433325,3.127846277541474,3.2228938289425497,4.407035545356356,4.559164233380361,4.538908388495683,5.161911421703339,4.705712530957138,5.682681998189183,5.532468508571314,0.2941748972873212,7.977515470039711e-06,0.187296660200046,0.04197299887379293,1.8710405538151063e-05,4.1821787813660125e-05,2.8379065805254587e-06,4.959165272146147e-06,0.02831131982560548,3.5835863183825603e-06
2.0,660.023355328764,0.0005433244140179799,0.9992830824262415,0.2760747132384047,0.0015149530768995654,1.448236919832091e-07,1.6702278422433325,3.127846277541474,3.2228938289425497,4.407035545356356,4.559164233380361,4.538908388495683,5.161911421703339,4.705712530957138,5.682681998189183,5.532468508571314,0.29417461921265087,2.8524713464276364e-05,0.187272769459189,0.04204201935068281,1.5149360631707238e-05,9.05706797486216e-06,8.829487048127518e-06,2.947284366933003e-06,0.028304461537173444,1.0492355330468152e-06
51.0,660.0187265299571,0.0005453880649715783,0.9998838953732863,0.2761806943469019,0.0015150900873192685,1.8438854665348003e-08,1.6702278422433325,3.127846277541474,3.2228938289425497,4.407035545356356,4.559164233380361,4.538908388495683,5.161911421703339,4.705712530957138,5.682681998189183,5.532468508571314,0.29417522595672546,4.619570408247968e-06,0.18728832291816183,0.042020773838021934,2.0280204145002337e-05,4.728754253028956e-06,4.845210082652924e-06,2.0510284680032923e-05,0.028258310250807658,1.1657552188247837e-05
113.0,660.0135826909358,0.0005435515985818049,0.9998474223517935,0.27625907690172735,0.001514861173650797,2.5916057461161657e-07,1.6702278422433325,3.127846277541474,3.2228938289425497,4.407035545356356,4.559164233380361,4.538908388495683,5.161911421703339,4.705712530957138,5.682681998189183,5.532468508571314,0.2941746860082917,6.0707588367857405e-06,0.1872998260989452,0.04200067766728541,1.2564867459206636e-05,9.13325556718881e-06,2.574297975162033e-06,1.4423931666285385e-05,0.028304495416012473,1.3493075196868015e-05
90.0,660.013255509587,0.0005463373349839388,0.9996886535672644,0.276033705882179,0.0015150239625517142,9.712274817719191e-08,1.6702278422433325,3.127846277541474,3.2228938289425497,4.407035545356356,4.559164233380361,4.538908388495683,5.161911421703339,4.705712530957138,5.682681998189183,5.532468508571314,0.2941755050562283,1.2387850580010273e-05,0.18726675134670004,0.04204534182416624,1.8439258663375505e-06,7.261834560567755e-06,2.260141387206024e-06,6.172506120993588e-06,0.02822667646179378,2.1879849065607297e-05
47.0,660.0070378568852,0.000542090474374568,0.9999062266408267,0.27634077412196234,0.001514815129222892,3.202294046600329e-07,1.6702278422433325,3.127846277541474,3.2228938289425497,4.407035545356356,4.559164233380361,4.538908388495683,5.161911421703339,4.705712530957138,5.682681998189183,5.532468508571314,0.2941742564160424,3.7310540275612355e-06,0.18731181572974956,0.04201666559762683,1.182008710170985e-06,1.7971896417102102e-05,2.9145633080979817e-06,1.4992225721836045e-05,0.02832512731065407,9.774152756824452e-06
15.0,659.9980504384213,0.0005435915442485507,0.9999212139232454,0.27610694536172453,0.0015142024053406945,9.535854015862988e-07,1.6702278422433325,3.127846277541474,3.2228938289425497,4.407035545356356,4.559164233380361,4.538908388495683,5.161911421703339,4.705712530957138,5.682681998189183,5.532468508571314,0.2941746977529119,3.134740096577909e-06,0.18727749974569732,0.042023183914164076,2.4817635788043936e-06,2.6872820082921774e-05,2.3303392064106844e-06,1.6986211119344845e-05,0.028247890930096817,1.169923190285775e-06
117.0,659.9935541096041,0.0005452996025784166,0.999966213335326,0.2761253564824021,0.0015147438205386679,4.224924855522616e-07,1.6702278422433325,3.127846277541474,3.2228938289425497,4.407035545356356,4.559164233380361,4.538908388495683,5.161911421703339,4.705712530957138,5.682681998189183,5.532468508571314,0.2941751999474661,1.344303674531755e-06,0.18728020170469892,0.0419994345692415,2.5319146025786026e-05,2.5141850881453338e-05,1.565633615999043e-07,1.7584442702492388e-05,0.028249608014619617,5.965864318590489e-06
57.0,659.9932171837481,0.0005453545022875486,0.9998483430132189,0.27606979819337446,0.0015146300119825448,5.370745325139481e-07,1.6702278422433325,3.127846277541474,3.2228938289425497,4.407035545356356,4.559164233380361,4.538908388495683,5.161911421703339,4.705712530957138,5.682681998189183,5.532468508571314,0.29417521608879715,6.03412756379272e-06,0.18727204814241555,0.04201191386532612,2.129974217986243e-05,1.4541784767469846e-05,9.855464551625666e-07,8.623059880286651e-06,0.028247040303327437,2.3274738532113246e-06
67.0,659.9926816689627,0.0005420848586255257,0.999949001513901,0.27626952187843384,0.0015143713472641474,7.969686499631479e-07,1.6702278422433325,3.127846277541474,3.2228938289425497,4.407035545356356,4.559164233380361,4.538908388495683,5.161911421703339,4.705712530957138,5.682681998189183,5.532468508571314,0.29417425476492864,2.02912755431561e-06,0.18730135897135028,0.04198500049875003,3.205661441056602e-05,1.8920165120453323e-05,3.2930379478667567e-07,1.6479101379114572e-05,0.028294019644539,3.348325810050994e-06
35.0,659.9910623960847,0.0005451816682773012,0.9997698147966689,0.2760840266397985,0.001514825767207208,3.462661374853404e-07,1.6702278422433325,3.127846277541474,3.2228938289425497,4.407035545356356,4.559164233380361,4.538908388495683,5.161911421703339,4.705712530957138,5.682681998189183,5.532468508571314,0.29417516527302745,9.158607919609984e-06,0.18727413626510875,0.042029319837015536,7.620222519697328e-06,1.7615265048061315e-05,1.6065468876982087e-05,7.311415397427705e-07,0.02824816550414347,6.958112184159375e-06
17.0,659.9888697011706,0.0005472534338600028,0.9999989618455546,0.2760538141117119,0.0015151216500340805,5.541719855228777e-08,1.6702278422433325,3.127846277541474,3.2228938289425497,4.407035545356356,4.559164233380361,4.538908388495683,5.161911421703339,4.705712530957138,5.682681998189183,5.532468508571314,0.2941757744029237,4.130608479081873e-08,0.1872697023681367,0.04203945381807636,3.141531649839666e-05,1.4082683032710535e-06,9.933328275403501e-07,8.874675962871243e-06,0.028245901942965453,6.466795417025555e-06
36.0,659.9888210793256,0.0005438069783783091,0.9998458876022319,0.276137049507788,0.001514490209242609,6.869696141942327e-07,1.6702278422433325,3.127846277541474,3.2228938289425497,4.407035545356356,4.559164233380361,4.538908388495683,5.161911421703339,4.705712530957138,5.682681998189183,5.532468508571314,0.29417476109375035,6.131823446006192e-06,0.18728191773685962,0.04198848515071345,6.006107267365521e-05,4.813857140800084e-06,1.0426013028080207e-07,1.3509809152467646e-06,0.028279353376072288,9.135568346628833e-06
61.0,659.9822493082856,0.0005452917548213431,0.9993528434775538,0.27589514482104677,0.0015146803655739617,5.119006545317717e-07,1.6702278422433325,3.127846277541474,3.2228938289425497,4.407035545356356,4.559164233380361,4.538908388495683,5.161911421703339,4.705712530957138,5.682681998189183,5.532468508571314,0.2941751976401088,2.574906104273276e-05,0.18724641655486673,0.04204420458385159,1.048445201993448e-05,9.456819125252415e-06,2.36852884569024e-06,4.442721037674602e-06,0.028253067941004243,1.0008307482393378e-05
115.0,659.9798795256224,0.0005447215927256538,0.9998631895516275,0.27607162739094704,0.0015145164171339143,6.812896791719147e-07,1.6702278422433325,3.127846277541474,3.2228938289425497,4.407035545356356,4.559164233380361,4.538908388495683,5.161911421703339,4.705712530957138,5.682681998189183,5.532468508571314,0.2941750300039722,5.44341355490362e-06,0.18727231658978133,0.04202147598274601,1.5743180926587854e-05,2.5700313748135956e-05,4.59706786553044e-06,3.6825980250235603e-06,0.028237156743870288,5.617045964927645e-06
111.0,659.9718715102347,0.0005438986264828811,0.9999737231456824,0.2762924488075596,0.0015150431736647987,1.7291836601485144e-07,1.6702278422433325,3.127846277541474,3.2228938289425497,4.407035545356356,4.559164233380361,4.538908388495683,5.161911421703339,4.705712530957138,5.682681998189183,5.532468508571314,0.29417478803965624,1.045503371079694e-06,0.18730472365640205,0.041958074803739566,3.362807902180789e-05,4.146276744870377e-05,1.4142766891047146e-06,1.9972407340822173e-05,0.028296914654554448,1.6945057796504175e-06
110.0,659.9662905439534,0.0005457186069055427,0.9985969114796691,0.2757372282095154,0.0015152006325285447,2.8272838403786693e-08,1.6702278422433325,3.127846277541474,3.2228938289425497,4.407035545356356,4.559164233380361,4.538908388495683,5.161911421703339,4.705712530957138,5.682681998189183,5.532468508571314,0.29417532314097045,5.582608025303596e-05,0.18722324120245337,0.04205622785718757,7.194590312701186e-07,8.251995203746445e-06,1.3000065002309913e-06,5.293861493139988e-06,0.02824584017737705,1.0158871987892842e-06
74.0,659.9624964459013,0.0005452366604055586,0.9998081111878899,0.2761478266586881,0.0015150641575758903,1.734587815604982e-07,1.6702278422433325,3.127846277541474,3.2228938289425497,4.407035545356356,4.559164233380361,4.538908388495683,5.161911421703339,4.705712530957138,5.682681998189183,5.532468508571314,0.2941751814415311,7.634871263851069e-06,0.18728349935811972,0.041993995491108764,1.3666127120007972e-05,3.187322037377169e-05,6.875038448974079e-07,3.000951204595611e-07,0.028274103707645937,2.7318401480792803e-05
95.0,659.9612139791354,0.0005439321148946709,0.999484654632109,0.27599750135354917,0.0015145227990245556,7.177618118192619e-07,1.6702278422433325,3.127846277541474,3.2228938289425497,4.407035545356356,4.559164233380361,4.538908388495683,5.161911421703339,4.705712530957138,5.682681998189183,5.532468508571314,0.2941747978857474,2.0504559369589943e-05,0.1872614380823017,0.04199590237454411,3.2946951465931572e-06,7.255211821977173e-05,4.280477901410385e-08,4.7318278050496523e-07,0.02825061793007529,4.363648128142998e-07
147.0,659.961040768294,0.0005455290485034244,0.9993466387988743,0.27595825862847284,0.0015150764691596863,1.6448936090984745e-07,1.6702278422433325,3.127846277541474,3.2228938289425497,4.407035545356356,4.559164233380361,4.538908388495683,5.161911421703339,4.705712530957138,5.682681998189183,5.532468508571314,0.2941752674079808,2.5995932772409325e-05,0.18725567894161038,0.04200969975395714,2.8161727744613944e-05,2.1937756738858483e-05,6.131649300738888e-07,1.0751755927100913e-05,0.028260200846021884,1.08723840062333e-05
139.0,659.9588238600537,0.0005446046389641245,0.9999829341956494,0.2762826487927535,0.0015152266960146883,1.9352444924347623e-08,1.6702278422433325,3.127846277541474,3.2228938289425497,4.407035545356356,4.559164233380361,4.538908388495683,5.161911421703339,4.705712530957138,5.682681998189183,5.532468508571314,0.2941749956178268,6.790141530326393e-07,0.18730328543660626,0.04198187505627525,3.5822893823784664e-05,1.0076528436983551e-05,1.0751752065725972e-07,1.52785741230407e-05,0.028280292475438732,2.6392544822804057e-05
148.0,659.9577091338016,0.0005424077879973077,0.9991476193418455,0.27601731443448346,0.00151459354810567,6.550597369536781e-07,1.6702278422433325,3.127846277541474,3.2228938289425497,4.407035545356356,4.559164233380361,4.538908388495683,5.161911421703339,4.705712530957138,5.682681998189183,5.532468508571314,0.2941743497109671,3.3914518106846225e-05,0.1872643457886449,0.0419929279040401,2.95037023404004e-06,5.572694732200075e-05,2.443424995091069e-06,1.0260786319607466e-06,0.028295609465757324,5.820276834433437e-06
42.0,659.9540912897166,0.000543208335518989,0.9997360178494874,0.2761718806146292,0.0015147138178337606,5.430965460684334e-07,1.6702278422433325,3.127846277541474,3.2228938289425497,4.407035545356356,4.559164233380361,4.538908388495683,5.161911421703339,4.705712530957138,5.682681998189183,5.532468508571314,0.29417458508384564,1.0503320714514417e-05,0.18728702944213346,0.042001345093243415,1.0916785686496767e-05,1.6004107725755167e-05,4.363246811740919e-06,3.224651015032995e-05,0.028282317276420506,1.5280097573851427e-06
88.0,659.9423974603781,0.0005452329055216057,0.9999856532230926,0.2762012822628602,0.0015151571417754348,1.266221534290679e-07,1.6702278422433325,3.127846277541474,3.2228938289425497,4.407035545356356,4.559164233380361,4.538908388495683,5.161911421703339,4.705712530957138,5.682681998189183,5.532468508571314,0.29417518033753937,5.708295003469328e-07,0.1872913443368914,0.04195950508591064,4.803710610176625e-06,8.891931328984938e-05,2.941608556173039e-06,1.1558946216697279e-05,0.02827100287337121,7.598947315633448e-06
126.0,659.9382173267429,0.0005477540132614195,0.9996272243068052,0.27592329628640405,0.0015152464632952306,4.689863608575706e-08,1.6702278422433325,3.127846277541474,3.2228938289425497,4.407035545356356,4.559164233380361,4.538908388495683,5.161911421703339,4.705712530957138,5.682681998189183,5.532468508571314,0.2941759215807132,1.4831997741500572e-05,0.18725054797666132,0.04204589861631551,4.787214171517741e-06,6.600330182082068e-06,1.551596646167931e-07,8.462191672968866e-06,0.028223848134244695,1.861785472974678e-05
143.0,659.9362767781116,0.0005419447596423483,0.9988607556374682,0.2759011336239145,0.0015143900731828864,9.077444823590852e-07,1.6702278422433325,3.127846277541474,3.2228938289425497,4.407035545356356,4.559164233380361,4.538908388495683,5.161911421703339,4.705712530957138,5.682681998189183,5.532468508571314,0.2941742135737438,4.5328249992037756e-05,0.18724729545301208,0.042011854454984725,3.577527148014933e-05,7.345864619577532e-06,1.359750867590837e-07,2.437768142408169e-06,0.028284217034666184,4.705720167765696e-06
101.0,659.9326623190641,0.0005460875058272674,0.9996672965182661,0.27606314932935133,0.0015152490759402536,5.7041029177806735e-08,1.6702278422433325,3.127846277541474,3.2228938289425497,4.407035545356356,4.559164233380361,4.538908388495683,5.161911421703339,4.705712530957138,5.682681998189183,5.532468508571314,0.29417543160274034,1.323760475736923e-05,0.18727107237574103,0.04200684609054667,3.529873592978252e-05,7.879416490053072e-07,4.061265020874807e-06,5.849415683085224e-06,0.02825819907036645,2.319290440957744e-05
65.0,659.9279690873979,0.000544033166988221,0.9993355402195888,0.27605674680529035,0.0015150172888563607,2.996045659342528e-07,1.6702278422433325,3.127846277541474,3.2228938289425497,4.407035545356356,4.559164233380361,4.538908388495683,5.161911421703339,4.705712530957138,5.682681998189183,5.532468508571314,0.29417482759656594,2.6437522999188717e-05,0.18727013276115578,0.04197110812557733,5.848668515173925e-05,1.732061646127432e-05,2.48742929107541e-07,4.595853470944687e-06,0.028284212191861502,4.5433986390665e-08
58.0,659.9270269659571,0.0005459709202807091,0.9995397135026419,0.27605320267289685,0.0015152604097429369,5.86469678376389e-08,1.6702278422433325,3.127846277541474,3.2228938289425497,4.407035545356356,4.559164233380361,4.538908388495683,5.161911421703339,4.705712530957138,5.682681998189183,5.532468508571314,0.2941753973248556,1.8313877256181593e-05,0.18726961263527148,0.041982995179365254,4.6938774379705505e-05,2.505970079197727e-05,5.4570709848718015e-06,3.3562144726079657e-06,0.02826700035171302,6.019664505995225e-06
118.0,659.9264343804628,0.0005443651414048474,0.9995452083385478,0.27616388267930536,0.0015152352526301848,8.516477179032478e-08,1.6702278422433325,3.127846277541474,3.2228938289425497,4.407035545356356,4.559164233380361,4.538908388495683,5.161911421703339,4.705712530957138,5.682681998189183,5.532468508571314,0.29417492520198213,1.8095248747853575e-05,0.18728585568993658,0.0420063067557281,4.9469929650732514e-06,2.8077737904802033e-05,1.1797841439144085e-05,1.4710073070862793e-05,0.02829615427672802,6.37035338114989e-07
103.0,659.924402174417,0.0005425229911185899,0.9998041342757094,0.2761755290505859,0.0015144647886702835,8.602950893887851e-07,1.6702278422433325,3.127846277541474,3.2228938289425497,4.407035545356356,4.559164233380361,4.538908388495683,5.161911421703339,4.705712530957138,5.682681998189183,5.532468508571314,0.2941743835823983,7.793104629269453e-06,0.1872875648752854,0.04201190841865575,1.5498824130505162e-05,1.8530535514530995e-05,3.3524085962264785e-08,1.703223062054422e-06,0.02825528099556685,3.783716137898382e-05
21.0,659.9163980889033,0.0005467647974471295,0.9999098566818932,0.27612256444869954,0.0015153303650249398,1.3098019724377963e-08,1.6702278422433325,3.127846277541474,3.2228938289425497,4.407035545356356,4.559164233380361,4.538908388495683,5.161911421703339,4.705712530957138,5.682681998189183,5.532468508571314,0.29417563073655045,3.586621968595551e-06,0.1872797919544872,0.04196358393804841,7.363976311111125e-05,1.2407929204437437e-05,3.8461556252618873e-07,1.8164262103583247e-07,0.028261632234828693,6.544004292793221e-06
127.0,659.9146309748289,0.0005459368260944773,0.999684699264313,0.27610906661879964,0.001515304743078369,4.277774079408658e-08,1.6702278422433325,3.127846277541474,3.2228938289425497,4.407035545356356,4.559164233380361,4.538908388495683,5.161911421703339,4.705712530957138,5.682681998189183,5.532468508571314,0.29417538730065773,1.2545184369512834e-05,0.1872778110548104,0.04197192915195584,2.7399718285896033e-05,5.194096411039465e-05,4.5821665610227675e-06,5.470463854408938e-07,0.028259661376241457,8.112938985497596e-06
87.0,659.9128185730483,0.0005451081854599859,0.9998958009685116,0.27621545751049414,0.0015153338256616504,1.7856947476246887e-08,1.6702278422433325,3.127846277541474,3.2228938289425497,4.407035545356356,4.559164233380361,4.538908388495683,5.161911421703339,4.705712530957138,5.682681998189183,5.532468508571314,0.2941751436679862,4.1458706345853256e-06,0.18729342465229507,0.04195535689437077,6.126212918347941e-05,4.016009716865755e-05,3.4100014616613494e-06,2.287709565234795e-06,0.028262091263443454,9.98325284661206e-06
27.0,659.9089836945986,0.0005434769671918977,0.9989680920292875,0.27585783398667196,0.001514734698141807,6.257905142970088e-07,1.6702278422433325,3.127846277541474,3.2228938289425497,4.407035545356356,4.559164233380361,4.538908388495683,5.161911421703339,4.705712530957138,5.682681998189183,5.532468508571314,0.29417466406555304,4.105755007756707e-05,0.1872409409324665,0.04204445786934306,2.27438221795711e-05,1.9926020861965715e-05,7.909479934206436e-07,1.2374622997612968e-06,0.028251807251138652,1.2852159431426144e-06
83.0,659.9089356529062,0.0005400209007540266,0.9993495705859359,0.27604546387757745,0.0015138169354385908,1.5436635364962648e-06,1.6702278422433325,3.127846277541474,3.2228938289425497,4.407035545356356,4.559164233380361,4.538908388495683,5.161911421703339,4.705712530957138,5.682681998189183,5.532468508571314,0.2941736479306156,2.587928284090861e-05,0.1872684769136584,0.041993011368449344,1.349863068705889e-05,5.2562923524545536e-05,8.868094892918185e-07,2.9428382796343977e-06,0.028291942748315674,3.654620507945071e-07
135.0,659.9051437804815,0.0005460309802868873,0.9996190469448585,0.27606033454451845,0.0015152390619621293,1.3024440692621653e-07,1.6702278422433325,3.127846277541474,3.2228938289425497,4.407035545356356,4.559164233380361,4.538908388495683,5.161911421703339,4.705712530957138,5.682681998189183,5.532468508571314,0.2941754149833907,1.5157358584873995e-05,0.18727065928664396,0.04204674930328894,1.4871945127536164e-05,2.557261092099588e-06,2.197853218786829e-05,1.1616798708702233e-06,0.028265289394640077,2.1970687815031336e-07
5.0,659.9039878054481,0.0005437989957982674,0.9998852757319384,0.27619071723229527,0.0015148098294580686,5.621314321246906e-07,1.6702278422433325,3.127846277541474,3.2228938289425497,4.407035545356356,4.559164233380361,4.538908388495683,5.161911421703339,4.705712530957138,5.682681998189183,5.532468508571314,0.2941747587467531,4.56464870389487e-06,0.18728979384575417,0.041962314114068165,5.622444818912721e-05,1.946601059132041e-05,2.3652490381257594e-06,1.6588628162967014e-05,0.028273362085498112,5.426316525499113e-07
94.0,659.9028775791634,0.0005434981100992268,0.9998006466436203,0.2762517464478923,0.0015151374392006652,2.3707116436622044e-07,1.6702278422433325,3.127846277541474,3.2228938289425497,4.407035545356356,4.559164233380361,4.538908388495683,5.161911421703339,4.705712530957138,5.682681998189183,5.532468508571314,0.29417467028188227,7.931870520430225e-06,0.1872987503042626,0.04195173199946783,1.8860971866278515e-06,8.748532229567835e-05,7.014516325976529e-06,6.310823509475446e-06,0.028296964133779835,4.646157830648055e-06
56.0,659.900471829979,0.0005450511096589822,0.9994789912110813,0.27609928937485817,0.0015153481337182421,3.1901132901968055e-08,1.6702278422433325,3.127846277541474,3.2228938289425497,4.407035545356356,4.559164233380361,4.538908388495683,5.161911421703339,4.705712530957138,5.682681998189183,5.532468508571314,0.29417512688685177,2.072989554205501e-05,0.18727637617679613,0.04195938372202233,2.4467950599738663e-05,5.7323501156466376e-05,2.735286288607909e-06,1.098418151593986e-05,0.02829251673845837,4.459183844854587e-06
16.0,659.8992009846824,0.0005451630740383734,0.9999286523214228,0.27621484658205336,0.0015153583165731543,2.4636623074947295e-08,1.6702278422433325,3.127846277541474,3.2228938289425497,4.407035545356356,4.559164233380361,4.538908388495683,5.161911421703339,4.705712530957138,5.682681998189183,5.532468508571314,0.29417515980604464,2.838781140609512e-06,0.1872933349943308,0.04195030075084285,7.91668747881732e-05,2.46129936955919e-05,7.765081397258058e-06,3.342642915857966e-06,0.028290925090931063,4.6999236791309696e-07
140.0,659.8933837967883,0.0005446043027111973,0.9999804969911746,0.2762340370164568,0.0015152047286924718,1.9158312741796024e-07,1.6702278422433325,3.127846277541474,3.2228938289425497,4.407035545356356,4.559164233380361,4.538908388495683,5.161911421703339,4.705712530957138,5.682681998189183,5.532468508571314,0.2941749955189634,7.759856346132036e-07,0.18729615132299915,0.04194880084124979,2.969380612334704e-05,6.721831755104471e-05,1.2894554856859115e-06,2.155162171866587e-05,0.028271217174635346,3.891517083919682e-06
120.0,659.89309201764,0.0005443699169282553,0.9998639351774109,0.27611953277119017,0.0015148207034500856,5.762784193175108e-07,1.6702278422433325,3.127846277541474,3.2228938289425497,4.407035545356356,4.559164233380361,4.538908388495683,5.161911421703339,4.705712530957138,5.682681998189183,5.532468508571314,0.29417492660605704,5.4137465993127725e-06,0.18727934703489324,0.04197845952326973,5.43835181721407e-05,3.686917966440666e-05,2.868963356896298e-06,3.972498647411415e-06,0.028248159502632587,2.644197494550981e-06
102.0,659.8920987120165,0.0005451747978348547,0.9992189489218469,0.27590078176155797,0.001515110122781037,2.8914014665870624e-07,1.6702278422433325,3.127846277541474,3.2228938289425497,4.407035545356356,4.559164233380361,4.538908388495683,5.161911421703339,4.705712530957138,5.682681998189183,5.532468508571314,0.2941751632530152,3.107645707229345e-05,0.1872472438147833,0.042000966786583535,2.901631935356709e-06,7.83376470501989e-05,4.1701596752220385e-07,3.888891677782796e-06,0.028259953461426117,3.8610013628194515e-07
92.0,659.8919071223152,0.0005426790424218649,0.9998266110713966,0.27620616197173986,0.0015146148867704661,7.848161306389656e-07,1.6702278422433325,3.127846277541474,3.2228938289425497,4.407035545356356,4.559164233380361,4.538908388495683,5.161911421703339,4.705712530957138,5.682681998189183,5.532468508571314,0.2941744294638025,6.898797975282689e-06,0.18729206046784092,0.04196703828795579,3.7289874284311006e-05,2.8493394690357925e-05,1.985167933516058e-06,5.983945892432713e-06,0.028296215709441165,7.44449791298551e-06
81.0,659.8889324324041,0.0005443442753993769,0.9994211291403922,0.27606691294612445,0.0015151564664209554,2.500676967165383e-07,1.6702278422433325,3.127846277541474,3.2228938289425497,4.407035545356356,4.559164233380361,4.538908388495683,5.161911421703339,4.705712530957138,5.682681998189183,5.532468508571314,0.29417491906706617,2.3032111371697345e-05,0.18727162471247255,0.041981121687699324,1.037478052178087e-05,4.315528494468504e-05,3.3261970116677875e-06,1.3229018525224787e-05,0.028289326238227604,1.1544661060062098e-05
136.0,659.8876483929588,0.0005448056607130473,0.9998082565631339,0.2762106951730085,0.0015153547724979428,5.471036679249863e-08,1.6702278422433325,3.127846277541474,3.2228938289425497,4.407035545356356,4.559164233380361,4.538908388495683,5.161911421703339,4.705712530957138,5.682681998189183,5.532468508571314,0.2941750547212109,7.629087074248639e-06,0.1872927257464075,0.041947022682591276,5.805263014090742e-05,3.0331770250056206e-05,3.9719875315730585e-06,1.3178203423958896e-05,0.02828541878653369,5.187801138096718e-06
75.0,659.8850758211835,0.0005459942953244559,0.9993830773232719,0.27596353100873533,0.0015153209482236848,9.444248744161499e-08,1.6702278422433325,3.127846277541474,3.2228938289425497,4.407035545356356,4.559164233380361,4.538908388495683,5.161911421703339,4.705712530957138,5.682681998189183,5.532468508571314,0.29417540419746613,2.4546116914144878e-05,0.18725645269979488,0.041996130648710446,1.8875662735170756e-05,3.672042591130678e-05,5.085313845681989e-06,9.721782971822115e-06,0.028259813343758735,9.792822332040441e-06
131.0,659.8818050343959,0.0005448644422803339,0.9998128503574918,0.2761948270318935,0.0015153450884104452,7.781364680381486e-08,1.6702278422433325,3.127846277541474,3.2228938289425497,4.407035545356356,4.559164233380361,4.538908388495683,5.161911421703339,4.705712530957138,5.682681998189183,5.532468508571314,0.294175072003866,7.446309203300817e-06,0.18729039698720404,0.04193919956793012,6.69680253003899e-05,4.5330700082750534e-05,1.1896698156595059e-07,6.950994808621905e-06,0.02827437346186037,1.2254818481306312e-05
11.0,659.8802665252085,0.0005423777142690318,0.99967843627295,0.27605290547867534,0.0015142139987902262,1.2124364717203129e-06,1.6702278422433325,3.127846277541474,3.2228938289425497,4.407035545356356,4.559164233380361,4.538908388495683,5.161911421703339,4.705712530957138,5.682681998189183,5.532468508571314,0.2941743408688437,1.2794376244007944e-05,0.18726956901996875,0.042044153410216056,1.545886416585356e-05,1.0887639800596149e-07,2.985486855679364e-07,6.4217644054788e-08,0.02822940941506291,4.4125823906357454e-05
62.0,659.879929317217,0.000544430369951816,0.9998331146736262,0.2761966986813484,0.0015151411496923913,2.86059973930719e-07,1.6702278422433325,3.127846277541474,3.2228938289425497,4.407035545356356,4.559164233380361,4.538908388495683,5.161911421703339,4.705712530957138,5.682681998189183,5.532468508571314,0.29417494438014513,6.640032676630332e-06,0.18729067166467647,0.04197460296403383,8.688576589766057e-06,4.828676115380566e-05,1.724387226150137e-06,4.158470911659729e-06,0.028274685684546233,2.6253064300786135e-05
26.0,659.8788404471765,0.0005450634842792681,0.999889724542224,0.27612942270360086,0.0015151508509504091,2.7885933145954667e-07,1.6702278422433325,3.127846277541474,3.2228938289425497,4.407035545356356,4.559164233380361,4.538908388495683,5.161911421703339,4.705712530957138,5.682681998189183,5.532468508571314,0.2941751305251742,4.387639458619537e-06,0.18728079845071796,0.04199246819971034,4.4344606341000454e-05,3.9935042279871955e-05,4.907858899793323e-06,5.164315894939864e-06,0.02825049731759685,4.075599795464423e-06
99.0,659.8730917277077,0.0005450102588150436,0.999550950926041,0.2760705141089583,0.0015151993615876,2.435508999476532e-07,1.6702278422433325,3.127846277541474,3.2228938289425497,4.407035545356356,4.559164233380361,4.538908388495683,5.161911421703339,4.705712530957138,5.682681998189183,5.532468508571314,0.29417511487609604,1.786676270038818e-05,0.1872721532079675,0.041958955425873946,2.1618519411456312e-05,6.964417137179264e-05,1.4931222397279537e-06,2.5980511390936645e-06,0.028260844697961376,1.0987355092109959e-05
144.0,659.869522629556,0.0005438601013771534,0.9999863752421627,0.2761218620402311,0.0015145167465078814,9.343626978242092e-07,1.6702278422433325,3.127846277541474,3.2228938289425497,4.407035545356356,4.559164233380361,4.538908388495683,5.161911421703339,4.705712530957138,5.682681998189183,5.532468508571314,0.29417477671270215,5.421018085691702e-07,0.18727968887119764,0.04200157448367871,1.074811802114123e-05,4.509514321309002e-05,7.281092376552558e-06,2.9996865854324563e-06,0.028235840472378856,1.2727003578571652e-05
105.0,659.8679466222434,0.0005437845603546593,0.9999608141089058,0.2761471741598976,0.0015146052993888165,8.49429271421176e-07,1.6702278422433325,3.127846277541474,3.2228938289425497,4.407035545356356,4.559164233380361,4.538908388495683,5.161911421703339,4.705712530957138,5.682681998189183,5.532468508571314,0.29417475450251795,1.5591280730448357e-06,0.18728340359941978,0.04200641084489553,1.9113257670274347e-05,2.7771737730937404e-05,3.233652505564396e-06,2.804770789278326e-06,0.028237709571042078,6.181174999895211e-06
73.0,659.866861422106,0.0005447712863435453,0.9997567346023528,0.2761727034793257,0.0015152759505537845,1.8127038448056965e-07,1.6702278422433325,3.127846277541474,3.2228938289425497,4.407035545356356,4.559164233380361,4.538908388495683,5.161911421703339,4.705712530957138,5.682681998189183,5.532468508571314,0.294175044614635,9.679042637049261e-06,0.1872871502032057,0.04194159460492112,4.235694399240877e-05,5.695719232944139e-05,8.189799434594272e-07,4.7289292204632765e-06,0.02827969429387426,1.1046859667367458e-05
142.0,659.8647279544125,0.0005441121290293546,0.9991826617313365,0.2759996923429954,0.0015151520176383715,3.1010306023038225e-07,1.6702278422433325,3.127846277541474,3.2228938289425497,4.407035545356356,4.559164233380361,4.538908388495683,5.161911421703339,4.705712530957138,5.682681998189183,5.532468508571314,0.2941748508125805,3.252025165848017e-05,0.1872617596251214,0.041997260515340494,1.4066879040236847e-06,3.5850765025503054e-05,5.258898429692493e-06,9.028629507812416e-06,0.02827463697210131,1.2318128431936552e-05
41.0,659.8591103345123,0.0005465311271788124,0.9994836819404137,0.2759867214892014,0.001515462769137841,1.2253239367598923e-08,1.6702278422433325,3.127846277541474,3.2228938289425497,4.407035545356356,4.559164233380361,4.538908388495683,5.161911421703339,4.705712530957138,5.682681998189183,5.532468508571314,0.294175562034016,2.0543260822744177e-05,0.18725985606282441,0.04200325079699826,2.7829308890946547e-05,1.871981353838524e-05,4.250765197213525e-06,5.332583187100762e-06,0.028243642222489432,2.4708022789425208e-05
4.0,659.8583483997545,0.0005451751172932984,0.9999221365798464,0.2761972806781841,0.0015153238777515735,1.52894536198378e-07,1.6702278422433325,3.127846277541474,3.2228938289425497,4.407035545356356,4.559164233380361,4.538908388495683,5.161911421703339,4.705712530957138,5.682681998189183,5.532468508571314,0.2941751633469407,3.098029439542614e-06,0.18729075707672807,0.04193723792654111,3.964538539894965e-05,6.440314900404096e-05,1.3028875819025937e-06,1.3579050006139302e-05,0.028272431231704365,8.855932475580811e-06
49.0,659.8553697068226,0.0005448258699785432,0.9998653407010447,0.27621485982353094,0.001515385800978116,9.781241477879732e-08,1.6702278422433325,3.127846277541474,3.2228938289425497,4.407035545356356,4.559164233380361,4.538908388495683,5.161911421703339,4.705712530957138,5.682681998189183,5.532468508571314,0.29417506066303556,5.357823630773968e-06,0.187293336937609,0.04192942255390116,6.17534844512337e-05,5.6134798298465216e-05,3.967991349759498e-06,3.840624969177053e-06,0.028287848472034468,6.182805238420242e-06
116.0,659.8532523789739,0.0005444638931833853,0.9992818775542628,0.27601798760029156,0.0015153414105248352,1.470657305935319e-07,1.6702278422433325,3.127846277541474,3.2228938289425497,4.407035545356356,4.559164233380361,4.538908388495683,5.161911421703339,4.705712530957138,5.682681998189183,5.532468508571314,0.29417495423647383,2.857265290558643e-05,0.18726444458037228,0.041965681306854234,4.626155799770839e-05,5.4005166682538644e-05,9.082333586607544e-07,9.281923380404302e-06,0.02827405620634467,4.088803472216891e-06
146.0,659.851229595738,0.0005446003921472995,0.9999881567960851,0.2762354812715961,0.0015152445753987866,2.4854660790607497e-07,1.6702278422433325,3.127846277541474,3.2228938289425497,4.407035545356356,4.559164233380361,4.538908388495683,5.161911421703339,4.705712530957138,5.682681998189183,5.532468508571314,0.29417499436919947,4.7121734845814114e-07,0.18729636327740662,0.041932347345608634,8.675677730446248e-05,3.2122094419192085e-05,7.439811358262627e-07,1.1610171687701246e-05,0.028264851960450213,2.404317455820112e-06
25.0,659.8495644236485,0.0005432656190631761,0.9995974587076153,0.27619554265890117,0.0015152682342216787,2.2871222771225774e-07,1.6702278422433325,3.127846277541474,3.2228938289425497,4.407035545356356,4.559164233380361,4.538908388495683,5.161911421703339,4.705712530957138,5.682681998189183,5.532468508571314,0.29417460192605965,1.6016311279157585e-05,0.18729050201040545,0.04194993826584165,2.7887565552393642e-05,6.788735163979912e-05,3.803175366000988e-06,1.4716491636799094e-05,0.028299813811463577,1.1797523220270226e-06
69.0,659.8491240147131,0.0005428972483084327,0.9997895554550422,0.27615623320117655,0.0015146428617597305,8.55096191187954e-07,1.6702278422433325,3.127846277541474,3.2228938289425497,4.407035545356356,4.559164233380361,4.538908388495683,5.161911421703339,4.705712530957138,5.682681998189183,5.532468508571314,0.2941744936195787,8.373166685774788e-06,0.18728473307623753,0.041951112433992535,3.471644885808207e-05,6.252327348846305e-05,4.595316332035604e-06,2.503264445570303e-06,0.028283464004440793,2.7482687450479434e-06
112.0,659.8483582068926,0.0005437121106533375,0.9999332205097256,0.27633372349873375,0.0015154742910247208,2.54257851439732e-08,1.6702278422433325,3.127846277541474,3.2228938289425497,4.407035545356356,4.559164233380361,4.538908388495683,5.161911421703339,4.705712530957138,5.682681998189183,5.532468508571314,0.29417473320122817,2.6570220832797905e-06,0.18731078100213938,0.04196800175256414,2.158430411396365e-05,4.891298372415248e-05,5.998993301285579e-06,1.531944152675262e-06,0.028296153880220085,2.6658405238450802e-05
79.0,659.8408743712698,0.0005468321237365102,0.9991996606675133,0.27587234134845967,0.0015154969280196592,1.9977405230076073e-08,1.6702278422433325,3.127846277541474,3.2228938289425497,4.407035545356356,4.559164233380361,4.538908388495683,5.161911421703339,4.705712530957138,5.682681998189183,5.532468508571314,0.2941756505314809,3.184389805607362e-05,0.1872430699879139,0.042015928521692336,4.274282681599117e-05,1.2145497172339632e-05,3.464068924701772e-07,8.692106938886441e-08,0.0282234842552017,8.128960113063439e-06
33.0,659.8407773166574,0.0005463120628819636,0.9996163712902433,0.2760553586466853,0.0015154430326274526,7.409571167737994e-08,1.6702278422433325,3.127846277541474,3.2228938289425497,4.407035545356356,4.559164233380361,4.538908388495683,5.161911421703339,4.705712530957138,5.682681998189183,5.532468508571314,0.29417549762585443,1.5263817519647538e-05,0.18726992903930179,0.042010214426985576,2.332954525708708e-06,1.8480282280492064e-05,7.742280950160207e-06,3.2322869637685255e-05,0.02824690598599512,7.3616624570105725e-06
19.0,659.8378445130156,0.0005419084051331663,0.9999199783807083,0.2762924769588307,0.0015147754049624688,7.484594470308359e-07,1.6702278422433325,3.127846277541474,3.2228938289425497,4.407035545356356,4.559164233380361,4.538908388495683,5.161911421703339,4.705712530957138,5.682681998189183,5.532468508571314,0.29417420288497736,3.1838998579345737e-06,0.18730472778779533,0.041925379497016094,2.1002116355843847e-05,9.771110606024265e-05,1.280660032116205e-06,1.9468591693886335e-07,0.028317734300999806,3.2324399458261105e-06
28.0,659.8350186290576,0.0005441448033486114,0.9999978680929149,0.27624830457486377,0.0015151974719922765,3.328829708548753e-07,1.6702278422433325,3.127846277541474,3.2228938289425497,4.407035545356356,4.559164233380361,4.538908388495683,5.161911421703339,4.705712530957138,5.682681998189183,5.532468508571314,0.29417486041931634,8.48243102982222e-08,0.18729824518564572,0.041998350766439804,1.8172127721418905e-05,2.3304461379389266e-05,2.1161742950639643e-06,3.862386172142264e-06,0.028238087574233194,4.7639797971631476e-05
29.0,659.8335600135028,0.0005449246972467284,0.9997963283969852,0.2761986820145479,0.0015154624100359938,7.12951297998643e-08,1.6702278422433325,3.127846277541474,3.2228938289425497,4.407035545356356,4.559164233380361,4.538908388495683,5.161911421703339,4.705712530957138,5.682681998189183,5.532468508571314,0.29417508971972234,8.103684899718554e-06,0.1872909627325091,0.041944260076923985,1.8823962262880713e-06,9.580516608892646e-05,5.896874715399761e-06,3.8146476620588626e-06,0.028266491213313382,1.0838632169099493e-05
37.0,659.8321433866759,0.00054528798019379,0.9998315172105742,0.27618589299992546,0.0015154671795928906,6.977934846608136e-08,1.6702278422433325,3.127846277541474,3.2228938289425497,4.407035545356356,4.559164233380361,4.538908388495683,5.161911421703339,4.705712530957138,5.682681998189183,5.532468508571314,0.29417519653031216,6.703592529945947e-06,0.18728908585636528,0.04193712564215365,9.991180489216181e-06,8.837851091611498e-05,5.637912148911201e-06,1.112065707438381e-05,0.02827233645290128,7.601940160929448e-06
40.0,659.8275777000044,0.0005460523242248552,0.9992077700508987,0.2758949881493087,0.001515347593264594,1.9985245713893818e-07,1.6702278422433325,3.127846277541474,3.2228938289425497,4.407035545356356,4.559164233380361,4.538908388495683,5.161911421703339,4.705712530957138,5.682681998189183,5.532468508571314,0.29417542125882595,3.152124194342119e-05,0.1872463935622081,0.042025974145681017,1.0778531881393945e-05,3.779271772414294e-06,6.461912370255221e-07,1.1636149261721239e-05,0.028234101805562354,1.7869575166470198e-05
22.0,659.818532484875,0.0005427848630613863,0.9995567101910552,0.27593190744692225,0.0015141319273414722,1.4362944755208495e-06,1.6702278422433325,3.127846277541474,3.2228938289425497,4.407035545356356,4.559164233380361,4.538908388495683,5.161911421703339,4.705712530957138,5.682681998189183,5.532468508571314,0.2941744605766445,1.7637613087782775e-05,0.1872518117238869,0.04205391851860176,9.302894828861254e-06,1.822226582372289e-06,6.18740792917616e-06,6.2479219967089874e-06,0.028226323102182083,1.2801203065238544e-05
137.0,659.8157605976528,0.000544918322596683,0.9986699427434622,0.275848606271545,0.00151557339424708,1.194474796850642e-09,1.6702278422433325,3.127846277541474,3.2228938289425497,4.407035545356356,4.559164233380361,4.538908388495683,5.161911421703339,4.705712530957138,5.682681998189183,5.532468508571314,0.2941750878454804,5.2920312630807474e-05,0.18723958670159765,0.04199167117423706,3.258895620864968e-05,1.3121180401005546e-05,6.822718323090319e-06,6.55787425285402e-06,0.028287568107760876,4.8008548820539345e-06
3.0,659.8063863519084,0.0005449457091290682,0.99962022699861,0.2760824288754376,0.0015153052506271208,2.9087072755951127e-07,1.6702278422433325,3.127846277541474,3.2228938289425497,4.407035545356356,4.559164233380361,4.538908388495683,5.161911421703339,4.705712530957138,5.682681998189183,5.532468508571314,0.29417509589752827,1.511040661107609e-05,0.18727390178216374,0.041982045025889016,5.6666242854169354e-05,1.167620381434769e-06,1.3594092285382692e-05,1.2970367758792778e-05,0.028256327196787015,2.948104740056163e-06
24.0,659.8041731937104,0.0005442064818644117,0.9995830197556673,0.2761722990544153,0.001515567575247348,3.3629818707581194e-08,1.6702278422433325,3.127846277541474,3.2228938289425497,4.407035545356356,4.559164233380361,4.538908388495683,5.161911421703339,4.705712530957138,5.682681998189183,5.532468508571314,0.2941748785537174,1.659080823964021e-05,0.18728709085105943,0.04194300103837336,5.230162616021629e-05,6.119879075500811e-05,2.731247842085822e-06,2.607980407755262e-06,0.028274356142993926,1.7229940353924845e-05
109.0,659.7956922105009,0.0005420325023607803,0.9993585901575335,0.2760704597337528,0.0015147794149140796,8.412716195338454e-07,1.6702278422433325,3.127846277541474,3.2228938289425497,4.407035545356356,4.559164233380361,4.538908388495683,5.161911421703339,4.705712530957138,5.682681998189183,5.532468508571314,0.2941742393714081,2.5520412163427628e-05,0.1872721452280309,0.04195753134888643,7.552298451225449e-06,8.530423945779014e-05,1.0973020163559234e-06,1.0684289131753446e-05,0.028288109951000576,7.685335363005702e-06
48.0,659.7931914021952,0.0005461948736780214,0.9999096902838388,0.27612504968654994,0.0015156220413682427,4.389809071803086e-09,1.6702278422433325,3.127846277541474,3.2228938289425497,4.407035545356356,4.559164233380361,4.538908388495683,5.161911421703339,4.705712530957138,5.682681998189183,5.532468508571314,0.29417546317048543,3.5932426136952947e-06,0.18728015668029063,0.041958124922148184,1.3880329694140498e-06,0.00012166689581960229,2.8662584332625725e-06,1.1049846356826445e-06,0.028239143940776406,1.2495666838929237e-05
63.0,659.7880763428317,0.0005453345596180512,0.999332541594395,0.2760092127475634,0.0015155913208722417,4.686031912504163e-08,1.6702278422433325,3.127846277541474,3.2228938289425497,4.407035545356356,4.559164233380361,4.538908388495683,5.161911421703339,4.705712530957138,5.682681998189183,5.532468508571314,0.2941752102253557,2.6556832286021346e-05,0.18726315681018535,0.04195132539534936,8.611679338800419e-05,2.441996429307981e-05,7.2715472407405855e-06,9.316698745367911e-07,0.028271051099610322,3.9479886237957714e-06
134.0,659.787468645327,0.000544943632207949,0.9992538944111082,0.2759752374419777,0.0015154325045293581,2.0707264114516732e-07,1.6702278422433325,3.127846277541474,3.2228938289425497,4.407035545356356,4.559164233380361,4.538908388495683,5.161911421703339,4.705712530957138,5.682681998189183,5.532468508571314,0.29417509528688257,2.9686046089868013e-05,0.18725817069965103,0.042004058312434533,3.922690530720737e-05,5.38383486418012e-06,2.7741440407897955e-06,1.4143423493786334e-05,0.028236971515568136,2.1357271003809114e-05
106.0,659.7853265796547,0.000544986876789329,0.9996387339155015,0.2760185150801257,0.0015150691953602156,5.753025009713753e-07,1.6702278422433325,3.127846277541474,3.2228938289425497,4.407035545356356,4.559164233380361,4.538908388495683,5.161911421703339,4.705712530957138,5.682681998189183,5.532468508571314,0.2941751080014327,1.4374053478217614e-05,0.1872645219916777,0.041969532822208604,6.69965295990179e-06,6.879837802507166e-05,6.665114684647914e-07,2.1497283670669268e-05,0.028249231428499697,3.579695098987445e-06
98.0,659.7830628529588,0.0005424605153668563,0.9998961168253507,0.2762642552345123,0.001515066103520331,5.835945424137456e-07,1.6702278422433325,3.127846277541474,3.2228938289425497,4.407035545356356,4.559164233380361,4.538908388495683,5.161911421703339,4.705712530957138,5.682681998189183,5.532468508571314,0.294174365213598,4.133303323972664e-06,0.1873005860550134,0.041940109503387876,7.143862733375802e-05,4.507528291711889e-05,2.8008492705121527e-06,8.198934006334843e-06,0.02829647231651743,4.541690585135561e-06
30.0,659.7799485676069,0.0005453554591265828,0.9999733971531902,0.2762395237795557,0.001515631180303619,2.5671910541813503e-08,1.6702278422433325,3.127846277541474,3.2228938289425497,4.407035545356356,4.559164233380361,4.538908388495683,5.161911421703339,4.705712530957138,5.682681998189183,5.532468508571314,0.29417521637012206,1.0584739590140008e-06,0.1872969565433442,0.0419049848797281,5.950469954634109e-06,0.000132288610137325,8.286745834949178e-06,1.4028507423901328e-06,0.028277327291507667,5.950290607518165e-06
46.0,659.7750645505981,0.0005454918774995574,0.9986431211622141,0.2757735603561112,0.0015155441059721316,1.2396596560382278e-07,1.6702278422433325,3.127846277541474,3.2228938289425497,4.407035545356356,4.559164233380361,4.538908388495683,5.161911421703339,4.705712530957138,5.682681998189183,5.532468508571314,0.29417525647915277,5.398748959475533e-05,0.18722857319566882,0.041974336960496815,4.1557803257032506e-05,3.796993434579456e-05,1.0644331053348216e-06,1.7536149895807898e-06,0.028263291796445284,4.041892506437421e-06
129.0,659.7658315910217,0.0005454201284636234,0.9995451718582078,0.2760991269429302,0.0015156522867560895,3.6995892127578145e-08,1.6702278422433325,3.127846277541474,3.2228938289425497,4.407035545356356,4.559164233380361,4.538908388495683,5.161911421703339,4.705712530957138,5.682681998189183,5.532468508571314,0.294175235383869,1.809670022746527e-05,0.18727635233878986,0.04193582863861868,7.576470270521331e-05,3.225022121045433e-05,5.064011943414728e-06,1.5148373698590217e-06,0.02826860632455553,2.719454590000902e-06
125.0,659.7624267645207,0.0005443611479116739,0.999490458443078,0.27612000772922407,0.0015156136369497545,8.346769442280078e-08,1.6702278422433325,3.127846277541474,3.2228938289425497,4.407035545356356,4.559164233380361,4.538908388495683,5.161911421703339,4.705712530957138,5.682681998189183,5.532468508571314,0.29417492402783574,2.027363736271955e-05,0.18727941673826207,0.0419340204715021,5.450788331853773e-05,7.185593940480856e-05,6.619974970254765e-07,2.2059855575055878e-06,0.028270108857593915,2.0688435640822006e-05
124.0,659.7551341899999,0.0005426190285476509,0.9991105452796563,0.27602839649952865,0.001515268319502062,4.4553883377096426e-07,1.6702278422433325,3.127846277541474,3.2228938289425497,4.407035545356356,4.559164233380361,4.538908388495683,5.161911421703339,4.705712530957138,5.682681998189183,5.532468508571314,0.29417441181883086,3.538962074013406e-05,0.1872659721581598,0.04195299136916323,1.4467064180950182e-05,9.777632805615426e-05,3.7786739137818564e-06,2.6512208528575103e-06,0.02829140415883874,5.497873142467693e-06
72.0,659.7504964677845,0.0005462371341004447,0.9997556852643493,0.2760872353285565,0.0015156937147494027,3.079831101260311e-08,1.6702278422433325,3.127846277541474,3.2228938289425497,4.407035545356356,4.559164233380361,4.538908388495683,5.161911421703339,4.705712530957138,5.682681998189183,5.532468508571314,0.2941754755956782,9.720793693202495e-06,0.18727460716232489,0.041969870978743724,5.487488594438527e-05,1.2940368527116926e-05,2.270838806417709e-07,3.8544792774132015e-05,0.028234287462947816,3.3909102944116507e-06
121.0,659.7486556331274,0.0005437161291622709,0.9999553208428423,0.2762039361776336,0.0015152697888633011,4.589533807441981e-07,1.6702278422433325,3.127846277541474,3.2228938289425497,4.407035545356356,4.559164233380361,4.538908388495683,5.161911421703339,4.705712530957138,5.682681998189183,5.532468508571314,0.29417473438272956,1.777694120490608e-06,0.1872917338171972,0.04196494307947243,5.137201255675235e-05,6.682394587671472e-05,1.3713414749340878e-06,7.313364520251524e-07,0.028257067047273085,1.2108073976040154e-05
45.0,659.7424494436492,0.0005442686359658773,0.9995851640788335,0.27610211851217675,0.0015153316451808744,4.1135550565840617e-07,1.6702278422433325,3.127846277541474,3.2228938289425497,4.407035545356356,4.559164233380361,4.538908388495683,5.161911421703339,4.705712530957138,5.682681998189183,5.532468508571314,0.2941748968279477,1.650548991835643e-05,0.1872767913722195,0.04194271660288348,4.914200214373542e-05,3.304426441055111e-05,1.1465441860366826e-06,2.7779811337409725e-05,0.028280377104103305,2.920695705814532e-06
1.0,659.7353137115034,0.000544566244796725,0.9990145795902732,0.2760163652766894,0.0015155582011263085,2.011939169155319e-07,1.6702278422433325,3.127846277541474,3.2228938289425497,4.407035545356356,4.559164233380361,4.538908388495683,5.161911421703339,4.705712530957138,5.682681998189183,5.532468508571314,0.2941749843293705,3.920790319303337e-05,0.18726420649318914,0.041984827630752765,5.580749169427507e-06,4.806047622627087e-05,8.198314788527244e-07,6.044865311809597e-06,0.02831570324786614,1.4098633909738708e-05
138.0,659.7350305192364,0.0005443560906430212,0.9996474308226273,0.27617072495855427,0.0015156355202863723,1.2452539888130332e-07,1.6702278422433325,3.127846277541474,3.2228938289425497,4.407035545356356,4.559164233380361,4.538908388495683,5.161911421703339,4.705712530957138,5.682681998189183,5.532468508571314,0.29417492254092353,1.402802097340957e-05,0.1872868598416301,0.04191779578056189,1.203218447473009e-05,0.00011277975722541535,7.946579068584975e-06,1.3979985949530155e-05,0.028282258531481835,3.501089569917617e-06
55.0,659.7282171729413,0.0005452049259569642,0.9996017072026888,0.27614427975764955,0.0015156791260504704,9.65736538516282e-08,1.6702278422433325,3.127846277541474,3.2228938289425497,4.407035545356356,4.559164233380361,4.538908388495683,5.161911421703339,4.705712530957138,5.682681998189183,5.532468508571314,0.2941751721111312,1.584727217471107e-05,0.18728297882591766,0.041943285483927235,2.3496164809367898e-05,7.17602837075885e-05,8.98214458775212e-06,1.2391829928586479e-05,0.02828567045103104,6.320029443064271e-06
0.0,659.727401517589,0.0005436759607379013,0.9994034780424966,0.2761789071220713,0.0015157396105595093,3.7963177268451886e-08,1.6702278422433325,3.127846277541474,3.2228938289425497,4.407035545356356,4.559164233380361,4.538908388495683,5.161911421703339,4.705712530957138,5.682681998189183,5.532468508571314,0.29417472257261534,2.373441318187422e-05,0.18728806063058556,0.04192499351004004,2.6107821305532995e-06,9.507572974994876e-05,3.3322034066249637e-07,2.8569098462202066e-05,0.028318555770863518,2.2283608463172462e-08
96.0,659.7165875740318,0.0005461792609645745,0.9992717190427776,0.27592853153379726,0.0015157881314124312,1.428864992991663e-08,1.6702278422433325,3.127846277541474,3.2228938289425497,4.407035545356356,4.559164233380361,4.538908388495683,5.161911421703339,4.705712530957138,5.682681998189183,5.532468508571314,0.29417545858011546,2.897683971861306e-05,0.18725131628534103,0.04200368248710772,2.7321322457278677e-05,2.7001926226527246e-05,6.285018490957977e-06,1.390509399554633e-05,0.028219435137798617,2.3386824498122394e-05
119.0,659.7112152583101,0.0005453619107459314,0.999954504408732,0.2762051432428664,0.001515737384965544,7.737893603643187e-08,1.6702278422433325,3.127846277541474,3.2228938289425497,4.407035545356356,4.559164233380361,4.538908388495683,5.161911421703339,4.705712530957138,5.682681998189183,5.532468508571314,0.2941752182669941,1.8101783975031921e-06,0.1872919109623492,0.04195901159182111,3.498928098122408e-05,1.3067791151441955e-05,2.2999476683978644e-06,6.41458552624133e-05,0.02825431850128723,4.635141301487002e-06
34.0,659.7100592728011,0.0005443224411522504,0.9995497426471318,0.276070043241804,0.0015153651308460955,4.5228916156769827e-07,1.6702278422433325,3.127846277541474,3.2228938289425497,4.407035545356356,4.559164233380361,4.538908388495683,5.161911421703339,4.705712530957138,5.682681998189183,5.532468508571314,0.29417491264747275,1.7914837696631725e-05,0.1872720841049635,0.041935367435642176,9.316717068414175e-06,0.0001133279313730814,2.389354744268616e-06,1.977883863234866e-06,0.028243826645242408,1.902252880594522e-05
38.0,659.6952233416796,0.0005432514978064184,0.9998316417581249,0.27620820146662434,0.0015153254562715222,5.260530580586398e-07,1.6702278422433325,3.127846277541474,3.2228938289425497,4.407035545356356,4.559164233380361,4.538908388495683,5.161911421703339,4.705712530957138,5.682681998189183,5.532468508571314,0.29417459777420013,6.69863703250998e-06,0.18729235977778833,0.04190328098598001,3.621529444945871e-05,0.0001233289473123942,1.3070815547064589e-06,4.9173389678854805e-06,0.02828390691461318,5.251195994794419e-06
9.0,659.6863298530702,0.0005421521510382023,0.9991592597764403,0.2761042984164608,0.0015155232116969087,3.487334178653434e-07,1.6702278422433325,3.127846277541474,3.2228938289425497,4.407035545356356,4.559164233380361,4.538908388495683,5.161911421703339,4.705712530957138,5.682681998189183,5.532468508571314,0.29417427454989886,3.3451368543254923e-05,0.18727711128821517,0.04197124050599062,1.1106227506415884e-05,5.1981394393868105e-05,9.416196229868146e-06,1.2849654147919773e-05,0.02833088529615273,4.3662715555659386e-06
39.0,659.6823448718267,0.0005444534767871793,0.9995251582774014,0.2761124866813883,0.0015156242872998093,2.5681483017958584e-07,1.6702278422433325,3.127846277541474,3.2228938289425497,4.407035545356356,4.559164233380361,4.538908388495683,5.161911421703339,4.705712530957138,5.682681998189183,5.532468508571314,0.2941749511738984,1.8893000497946716e-05,0.18727831297259473,0.041921861391679104,7.09613497834587e-05,4.192184459781297e-05,5.603385500885729e-06,7.923366745794293e-06,0.028284560828277416,4.3685856534229705e-06
93.0,659.6794497273634,0.0005446519771394783,0.9999896800634973,0.2762055094688054,0.0015155337891340776,3.5396576458790463e-07,1.6702278422433325,3.127846277541474,3.2228938289425497,4.407035545356356,4.559164233380361,4.538908388495683,5.161911421703339,4.705712530957138,5.682681998189183,5.532468508571314,0.29417500953595443,4.1060959095126987e-07,0.18729196470853282,0.041961235788540864,6.386962209439028e-06,9.525512885169896e-05,1.0544519369371894e-07,3.5623696020892743e-06,0.028230817981392067,7.669435905747767e-06
53.0,659.6655066915625,0.0005417465133388965,0.9990367200550139,0.2759644807858009,0.0015149420080314414,9.77787465106239e-07,1.6702278422433325,3.127846277541474,3.2228938289425497,4.407035545356356,4.559164233380361,4.538908388495683,5.161911421703339,4.705712530957138,5.682681998189183,5.532468508571314,0.2941741552863819,3.832697847335385e-05,0.187256592086133,0.041994422611564296,1.069514702870884e-05,3.8570871459613326e-05,2.4011284359036187e-05,8.202063450039398e-07,0.02827177093012367,8.28657133730599e-07
80.0,659.659039544583,0.0005440216986522737,0.9993819413464283,0.2761294123612033,0.0015159195694493751,1.508777958125762e-08,1.6702278422433325,3.127846277541474,3.2228938289425497,4.407035545356356,4.559164233380361,4.538908388495683,5.161911421703339,4.705712530957138,5.682681998189183,5.532468508571314,0.2941748242247046,2.4591315156110128e-05,0.18728079693289976,0.04193214784090245,6.607461777531984e-05,3.1753257908276244e-05,7.634822194923472e-07,3.1358951760408706e-05,0.028290157925370683,1.2447027736149252e-05
66.0,659.6542045116572,0.0005447418095206487,0.9997599674462181,0.27615622940591367,0.0015156086583471963,3.371101487403827e-07,1.6702278422433325,3.127846277541474,3.2228938289425497,4.407035545356356,4.559164233380361,4.538908388495683,5.161911421703339,4.705712530957138,5.682681998189183,5.532468508571314,0.29417503594801064,9.550414258685454e-06,0.1872847325192565,0.041885443720088934,5.262506890345501e-05,0.00011334081212151512,3.370085332131817e-07,6.41162371907648e-07,0.028258841796482522,7.260535386553404e-07
89.0,659.6473617501447,0.000544497911780659,0.9998624654247195,0.2762084846275929,0.0015157091396314109,2.523543202181955e-07,1.6702278422433325,3.127846277541474,3.2228938289425497,4.407035545356356,4.559164233380361,4.538908388495683,5.161911421703339,4.705712530957138,5.682681998189183,5.532468508571314,0.2941749642384474,5.472225113332576e-06,0.18729240133361436,0.04191307100698117,0.0001223112259875496,2.3232716373395765e-05,1.630628683716606e-06,7.166745654505623e-06,0.028249783048510016,4.091645270930258e-07
85.0,659.6457721892643,0.0005449153971519984,0.9999278673776133,0.27616919654181027,0.0015155638762320081,4.0127076067486556e-07,1.6702278422433325,3.127846277541474,3.2228938289425497,4.407035545356356,4.559164233380361,4.538908388495683,5.161911421703339,4.705712530957138,5.682681998189183,5.532468508571314,0.29417508698535616,2.8700124816570607e-06,0.1872866355359264,0.04194343958470207,1.2241945368999963e-05,5.154253817784065e-05,3.350956514285159e-06,4.6455773414379586e-05,0.028271427808614673,4.621991529482656e-06
14.0,659.6448039161533,0.000545452068918028,0.9994244258183597,0.27603359848241654,0.0015158366756839773,1.306965491387757e-07,1.6702278422433325,3.127846277541474,3.2228938289425497,4.407035545356356,4.559164233380361,4.538908388495683,5.161911421703339,4.705712530957138,5.682681998189183,5.532468508571314,0.2941752447748377,2.290094316234248e-05,0.1872667355850438,0.041903007546745565,3.444341750213849e-05,0.0001165372230741733,2.3767721768711833e-08,4.145529051358012e-06,0.028250297498373163,1.3629842166224974e-05
71.0,659.6435104776134,0.0005441168921804438,0.9990041319795329,0.27594036134383665,0.001515727478118191,2.4286664568329286e-07,1.6702278422433325,3.127846277541474,3.2228938289425497,4.407035545356356,4.559164233380361,4.538908388495683,5.161911421703339,4.705712530957138,5.682681998189183,5.532468508571314,0.29417485221301776,3.9623592686024645e-05,0.18725305239159348,0.041993978274691354,1.1268802843117351e-05,3.314790849819786e-05,1.6167346539581217e-05,2.856041158808589e-05,0.0282546609551562,5.842169758328228e-07
70.0,659.6141635437947,0.0005446877453066698,0.9989200562640801,0.27582252919200745,0.001515487662447129,5.501294454424155e-07,1.6702278422433325,3.127846277541474,3.2228938289425497,4.407035545356356,4.559164233380361,4.538908388495683,5.161911421703339,4.705712530957138,5.682681998189183,5.532468508571314,0.2941750200523276,4.296879690528127e-05,0.18723575971023598,0.04198836764260413,5.2160738619551415e-05,3.263384451046152e-06,5.0373623009620356e-08,1.1995175652625667e-05,0.028236291201564515,2.7569148551309755e-05
50.0,659.6044895632506,0.0005431800725716065,0.9999077792958931,0.2762716903775236,0.0015155449901800013,5.150364310035904e-07,1.6702278422433325,3.127846277541474,3.2228938289425497,4.407035545356356,4.559164233380361,4.538908388495683,5.161911421703339,4.705712530957138,5.682681998189183,5.532468508571314,0.29417457677411873,3.669276994187173e-06,0.18730167721355498,0.04187927615209523,3.971528513431405e-05,0.00011024289279770301,5.207359010136719e-06,1.781872698135422e-05,0.02828355842392428,1.2712495005364922e-06
128.0,659.5566702185358,0.0005453672457938145,0.9999858150276992,0.27625352177652085,0.0015161672166530671,2.727725878504117e-09,1.6702278422433325,3.127846277541474,3.2228938289425497,4.407035545356356,4.559164233380361,4.538908388495683,5.161911421703339,4.705712530957138,5.682681998189183,5.532468508571314,0.29417521983557754,5.643916193254066e-07,0.18729901084598913,0.041902871359873306,4.5774239426351445e-05,7.742571017059823e-05,5.984297046894559e-06,1.774279331542572e-05,0.028256682765084938,3.015823180178615e-05
108.0,659.5090651723773,0.0005450002763526658,0.9997773893433085,0.2761153569356023,0.0015159050320388684,3.7435335309421447e-07,1.6702278422433325,3.127846277541474,3.2228938289425497,4.407035545356356,4.559164233380361,4.538908388495683,5.161911421703339,4.705712530957138,5.682681998189183,5.532468508571314,0.29417511194110363,8.857231889195576e-06,0.18727873420220623,0.04191452217634397,3.993740021851732e-05,8.389351710943535e-05,3.2709712968881333e-06,3.7892809289624975e-05,0.028231214299590635,1.6240707932688708e-06
12.0,659.4885581816028,0.0005442418282170966,0.9986935870095904,0.2758292578894919,0.001516017587368172,3.089471774520014e-07,1.6702278422433325,3.127846277541474,3.2228938289425497,4.407035545356356,4.559164233380361,4.538908388495683,5.161911421703339,4.705712530957138,5.682681998189183,5.532468508571314,0.2941748889460708,5.197955466773505e-05,0.18723674719302183,0.041917915504160644,2.131233696982061e-05,0.0001102695863989631,1.0780472101470056e-06,2.9274873642382146e-05,0.028252706808837635,2.9322721198094154e-06
68.0,659.4878583912839,0.0005430925824444557,0.9988085545625014,0.2759802296802259,0.0015162675080243684,6.063551316604077e-08,1.6702278422433325,3.127846277541474,3.2228938289425497,4.407035545356356,4.559164233380361,4.538908388495683,5.161911421703339,4.705712530957138,5.682681998189183,5.532468508571314,0.29417455105072005,4.7405226147261275e-05,0.18725890334506187,0.04192100773702972,0.0001287284530173135,2.5141599111249467e-05,2.5126146353527834e-06,1.0974727499220777e-07,0.02831275932057234,2.532636645958007e-06
76.0,659.4538762022546,0.0005435288624066118,0.9996111693531465,0.2762184287539813,0.0015161641945236138,2.420866236363395e-07,1.6702278422433325,3.127846277541474,3.2228938289425497,4.407035545356356,4.559164233380361,4.538908388495683,5.161911421703339,4.705712530957138,5.682681998189183,5.532468508571314,0.29417467932351804,1.5470792171377038e-05,0.18729386070277926,0.041809087080931895,2.6613204039831943e-05,0.000212879292358656,4.390115134634872e-07,6.146169541156364e-06,0.02828480659107952,2.3206870112064203e-06
100.0,659.4187116327977,0.0005427671665173532,0.9992486900538957,0.27602125767032104,0.0015157301293634105,7.570166016823698e-07,1.6702278422433325,3.127846277541474,3.2228938289425497,4.407035545356356,4.559164233380361,4.538908388495683,5.161911421703339,4.705712530957138,5.682681998189183,5.532468508571314,0.2941744553735973,2.9893117033152754e-05,0.18726492448571355,0.04188362916361286,9.635149581032957e-05,6.925347546842816e-05,2.7756852887350983e-06,2.2968100573278354e-05,0.028260127040959954,3.002613363134956e-07
86.0,659.251418202046,0.0005444155013501748,0.9999560895087899,0.27630253850122566,0.0015167350046181502,1.3696924466843896e-07,1.6702278422433325,3.127846277541474,3.2228938289425497,4.407035545356356,4.559164233380361,4.538908388495683,5.161911421703339,4.705712530957138,5.682681998189183,5.532468508571314,0.2941749400085551,1.7471104429462063e-06,0.1873062043885694,0.04185097722261669,8.108414701366909e-05,9.119198146116477e-05,4.778733261687002e-06,2.0799911815098552e-05,0.028241167470184885,2.047743060181655e-05
32.0,659.1575626161888,0.0005430162433056361,0.9991375991134237,0.27607901264351525,0.0015167435792184986,3.44377765582049e-07,1.6702278422433325,3.127846277541474,3.2228938289425497,4.407035545356356,4.559164233380361,4.538908388495683,5.161911421703339,4.705712530957138,5.682681998189183,5.532468508571314,0.2941745286058778,3.4313202913914554e-05,0.18727340042655613,0.04177514248228249,4.6884430392460685e-05,0.00023973400577102094,6.920895529663596e-06,2.2506793868191146e-06,0.028270746720197044,2.7538258768759516e-06
8.0,658.3558843486552,0.0005415150843048901,0.9887281136557966,0.2728340611560483,0.0015187997888258717,1.355222625232244e-07,1.6702278422433325,3.127846277541474,3.2228938289425497,4.407035545356356,4.559164233380361,4.538908388495683,5.161911421703339,4.705712530957138,5.682681998189183,5.532468508571314,0.2941740872428037,0.00044848576731722835,0.18679718140464913,0.04206707544193526,7.707197255117079e-06,4.2345371309365316e-05,3.448965526438982e-07,7.72641303087291e-06,0.028247020014886978,6.998123261889775e-06
